Name,Term,ES,NES,NOM p-val,FDR q-val,FWER p-val,Tag %,Gene %,Lead_genes,relevant_to_barrier_immune
prerank,Viral protein interaction with cytokine and cytokine receptor,0.6047325584352211,2.427554853531107,0.0,0.0,0.0,40/89,12.87%,CCL18;CCL13;TNFRSF10B;CSF1;TNFRSF14;CCR7;CCL22;IL2RA;IL20;CCR4;CXCL6;CXCR4;CCL17;TNF;CCL2;TNFRSF1B;CCL8;CXCL1;CCR3;LTA;CCR1;CXCL8;IL2RG;CCL19;TNFRSF10D;IL10RA;XCL2;CCR8;IL18RAP;CCL14;LTBR;IL10;TNFRSF1A;TNFRSF10A;CCL7;CCR5;TNFSF14;CCR9;CCL3;CCL4,True
prerank,Antigen processing and presentation,0.5703340850236589,2.1523675529285433,0.0,0.0,0.0,31/59,19.52%,TAP2;TAP1;HLA-F;PSME2;HLA-DMA;RFX5;TNF;CIITA;TAPBP;HLA-DMB;CD74;CTSB;HLA-DRA;HLA-DPB1;HLA-DPA1;PSME1;LGMN;CTSL;HLA-B;CTSS;CD4;B2M;HLA-E;HLA-DOB;CD8A;HLA-DRB1;IFI30;HLA-C;HLA-A;HLA-DQA1;HSPA6,False
prerank,Asthma,0.6984097695631998,2.179588023328206,0.0,0.0,0.0,16/25,20.23%,IL13;HLA-DMA;TNF;HLA-DMB;CD40LG;CD40;IL10;HLA-DRA;HLA-DPB1;HLA-DPA1;FCER1G;HLA-DOB;HLA-DRB1;HLA-DQA1;FCER1A;PRG2,False
prerank,Allograft rejection,0.6520968555401774,2.182408990778456,0.0,0.0,0.0,24/33,27.15%,HLA-F;HLA-DMA;TNF;HLA-DMB;CD40LG;CD28;CD40;IL10;HLA-DRA;HLA-DPB1;HLA-DPA1;FASLG;HLA-B;HLA-E;HLA-DOB;HLA-DRB1;HLA-C;HLA-A;HLA-DQA1;GZMB;CD86;IL12B;FAS;CD80,False
prerank,Chemokine signaling pathway,0.4933958547637355,2.1843985043876333,0.0,0.0,0.0,69/175,13.95%,CCL18;CCL13;IKBKB;CCR7;CCL22;ITK;BCAR1;JAK3;CCR4;PLCB2;PIK3R5;VAV1;AKT1;CXCL6;ADCY3;CXCR4;LYN;CCL17;CCL2;ADCY6;PRKCZ;DOCK2;ADCY9;RASGRP2;GRK5;STAT2;PIK3CD;CCL8;CXCL1;CCR3;ARRB2;CCR1;FGR;PLCG2;ADCY4;CXCL8;CCL19;NFKBIA;ADCY7;ADCY2;XCL2;CCR8;HRAS;PLCB3;CCL14;AKT2;STAT3;GNB5;IKBKG;PLCG1;ADCY5;VAV2;RELA;WAS;CCL7;CCR5;SHC2;GNAI2;HCK;CCR9;CCL3;GNG2;GNG4;CCL4;GRK6;RAC3;PREX1;ARRB1;RAC2,True
prerank,Intestinal immune network for IgA production,0.6372740899705983,2.2102964619862466,0.0,0.0,0.0,22/40,15.34%,ICOS;HLA-DMA;CXCR4;IL15RA;IL15;TNFSF13;HLA-DMB;MAP3K14;CD40LG;TGFB1;CD28;CD40;LTBR;IL10;ITGB7;HLA-DRA;HLA-DPB1;HLA-DPA1;CCR9;TNFRSF13C;HLA-DOB;HLA-DRB1,True
prerank,NF-kappa B signaling pathway,0.5401284222741146,2.231603062308674,0.0,0.0,0.0,47/99,16.43%,CCL13;BIRC3;IKBKB;RELB;NFKB2;LCK;TRADD;LYN;TRAF1;TNF;PIDD1;VCAM1;CXCL1;LTA;TRAF3;MAP3K14;TNFSF11;PLCG2;CXCL8;CD40LG;CCL19;NFKBIA;ZAP70;CD40;CARD14;CARD11;IRAK4;LAT;TRAF5;LTBR;BTK;IKBKG;PLCG1;TNFRSF1A;LTB;EDA2R;RELA;CSNK2A3;TNFSF14;TNFAIP3;GADD45A;CCL4;TNFRSF13C;CXCL2;BCL2A1;ICAM1;CYLD,False
prerank,Autoimmune thyroid disease,0.643675311598633,2.1745657686582702,0.0,0.0,0.0,21/35,19.71%,HLA-F;CTLA4;HLA-DMA;HLA-DMB;CD40LG;CD28;CD40;IL10;HLA-DRA;HLA-DPB1;HLA-DPA1;FASLG;HLA-B;HLA-E;HLA-DOB;HLA-DRB1;TPO;HLA-C;HLA-A;HLA-DQA1;GZMB,True
prerank,Cytokine-cytokine receptor interaction,0.48991404556762685,2.2851194399217896,0.0,0.0,0.0,93/244,13.19%,CCL18;CCL13;TNFRSF10B;IL13;CSF1;TNFRSF14;IL26;IL36A;IL22;CCR7;CCL22;IL4R;IL2RA;TNFRSF12A;IL20;TNFRSF25;TNFRSF9;CCR4;RELT;CSF2RB;CXCL6;OSMR;CXCR4;TNFRSF21;CCL17;IL15RA;TNF;CCL2;TNFSF4;OSM;IL15;IL11;TNFRSF1B;IL1RL1;TNFSF13;IL12RB1;CCL8;CXCL1;CCR3;LTA;CLCF1;CSF2;CCR1;TNFSF11;CXCL8;CD40LG;IL21R;IL2RG;IL27RA;TGFB1;IL32;CCL19;IL7R;TNFRSF10D;IL10RA;XCL2;IL13RA2;CCR8;IL18RAP;CD40;CCL14;IL11RA;IL36G;BMP4;EBI3;CD70;LTBR;IL10;IL31RA;IFNGR2;TNFRSF1A;BMP8A;TNFSF18;IFNGR1;LTB;FASLG;TNFRSF4;EDA2R;TNFRSF10A;CCL7;CCR5;IL23A;TNFSF14;IL25;IFNE;CCR9;CNTF;CCL3;TNFRSF11B;CCL4;INHA;TNFSF12;CD4,True
prerank,Primary immunodeficiency,0.7053443619574089,2.2853971736397134,0.0,0.0,0.0,20/33,14.96%,TAP2;ICOS;TAP1;JAK3;LCK;RFX5;CD3E;CD3D;CIITA;CD40LG;IL2RG;IL7R;ZAP70;CD40;PTPRC;BTK;IKBKG;CD4;TNFRSF13C;CD8A,False
prerank,IL-17 signaling pathway,0.5583338999733308,2.292111100671209,0.0,0.0,0.0,37/91,12.13%,IL13;DEFB4A;S100A7;S100A7A;S100A9;DEFB4B;S100A8;IKBKB;ANAPC5;MAPK11;TRADD;CXCL6;MMP1;CCL17;MMP9;TNF;CCL2;CXCL1;MMP13;TRAF3;CSF2;LCN2;CXCL8;MAPK15;NFKBIA;FOSL1;TRAF5;CASP8;JUND;TRAF4;MUC5B;IKBKG;RELA;CCL7;IL25;TNFAIP3;MAPK6,False
prerank,Ribosome,-0.5130862125507689,-2.383531141435352,0.0,0.0,0.0,78/130,25.45%,RPS17;RPL8;MRPL19;MRPL30;RPS6;RPL9;RPL21;RPLP1;RPS27A;RPS3A;RPL10A;RPS14;RPS8;RPL3;RPS16;RPL29;RPS20;RPL7;RPS15A;RPSA;RPL6;RPL24;RPL32;RPL34;RPL37A;RPS21;RPS11;RPL27;RPL18;MRPL1;RPS5;RPL39;RPS24;RPS2;RPL27A;RPL13A;RPS25;MRPS18A;RPL13;RPL31;RPL19;RPS18;RPLP2;RPL14;RPL23;RPL36;RPL37;RPS12;RPL35;RPS4X;RPS7;RPL35A;RPL15;RPL12;MRPS14;RPL11;RPL38;RPS3;RPS15;RPL4;RPL7A;RPS19;FAU;RPL22;RPL5;RPL10;RPS27;RPL41;MRPS15;MRPS16;MRPL22;RSL24D1;RPLP0;RPS9;RPS29;UBA52;RPS13;RPL26,False
prerank,Hematopoietic cell lineage,0.5938197900553085,2.395990226088973,0.0,0.0,0.0,37/84,16.00%,CSF1;IL4R;CD1C;IL2RA;CD1B;HLA-DMA;CD37;TNF;CD5;CD3G;CD3E;CD3D;IL11;HLA-DMB;CSF2;ITGA5;IL7R;ITGAM;ANPEP;IL11RA;CD7;FLT3;HLA-DRA;CD2;CD44;HLA-DPB1;HLA-DPA1;FLT3LG;ITGB3;CD9;FCER2;CD4;HLA-DOB;CD8A;CD33;HLA-DRB1;CD1A,False
prerank,Rheumatoid arthritis,0.5311285231608729,2.132805277183076,0.0,7.912527379563199e-05,0.001,35/86,17.18%,CSF1;ATP6V1C2;TCIRG1;CTLA4;HLA-DMA;CXCL6;MMP1;TNF;CCL2;IL15;IL11;TNFSF13;CXCL1;HLA-DMB;CSF2;TNFSF11;CXCL8;TGFB1;CD28;ATP6V0A2;HLA-DRA;FLT1;LTB;HLA-DPB1;HLA-DPA1;IL23A;CTSL;ITGB2;CCL3;ITGAL;HLA-DOB;HLA-DRB1;CXCL2;ICAM1;ATP6V0E2,False
prerank,Inflammatory bowel disease,0.5596691315543612,2.10702850713443,0.0,0.00022042040557354627,0.003,30/60,18.83%,IL13;IL22;NOD2;IL4R;FOXP3;HLA-DMA;STAT6;TNF;IL12RB1;HLA-DMB;IL21R;IL2RG;TGFB1;IL18RAP;STAT3;IL10;IFNGR2;HLA-DRA;IFNGR1;HLA-DPB1;HLA-DPA1;STAT4;RELA;IL23A;IL12RB2;HLA-DOB;HLA-DRB1;NFATC1;HLA-DQA1;IL18R1,True
prerank,TNF signaling pathway,0.4881886462858628,2.0723758639159087,0.0,0.0002743009491581909,0.004,36/109,8.26%,SOCS3;CSF1;BIRC3;IRF1;IKBKB;NOD2;MAPK11;TRADD;AKT1;CXCL6;RIPK3;TRAF1;MMP9;TNF;CCL2;IL15;VCAM1;TNFRSF1B;PIK3CD;ATF4;BCL3;CXCL1;LTA;TRAF3;CSF2;MAP3K14;MLKL;NFKBIA;AKT2;TRAF5;CASP8;RPS6KA4;CASP7;IKBKG;ATF6B;TNFRSF1A,False
prerank,Type I diabetes mellitus,0.594629328794353,2.0498173810968923,0.0,0.00034287618644773864,0.006,24/37,27.15%,HLA-F;HLA-DMA;TNF;ICA1;LTA;HLA-DMB;CD28;HLA-DRA;HLA-DPB1;HLA-DPA1;FASLG;HLA-B;HLA-E;HLA-DOB;HLA-DRB1;HLA-C;HLA-A;HLA-DQA1;PTPRN2;GZMB;CD86;IL12B;FAS;CD80,False
prerank,Staphylococcus aureus infection,0.5099376723392549,2.060857538159492,0.0,0.0003630453738858409,0.006,34/83,21.60%,DEFB4A;DEFB4B;HLA-DMA;PTAFR;FPR3;SELPLG;HLA-DMB;KRT16;C1QB;ITGAM;FCGR2A;C1QC;IL10;C4A;HLA-DRA;C5AR1;DEFB103B;DEFB103A;HLA-DPB1;HLA-DPA1;ITGB2;C3AR1;ITGAL;HLA-DOB;C1QA;HLA-DRB1;CFB;ICAM1;FPR1;CAMP;HLA-DQA1;KRT18;KRT20;SELP,False
prerank,Th1 and Th2 cell differentiation,0.5096906073165662,2.0424113044214627,0.0,0.00037896841660013214,0.007,38/86,15.42%,IL13;TYK2;IKBKB;IL4R;IL2RA;JAK3;HLA-DMA;LCK;MAPK11;STAT6;CD3G;CD3E;CD3D;CD247;IL12RB1;RUNX3;HLA-DMB;IL2RG;NOTCH1;NFKBIA;ZAP70;LAT;NFKBIE;IKBKG;PLCG1;IFNGR2;HLA-DRA;IFNGR1;HLA-DPB1;HLA-DPA1;STAT4;RELA;CD4;STAT5A;IL12RB2;HLA-DOB;HLA-DRB1;NFKBIB,True
prerank,Human T-cell leukemia virus 1 infection,0.4494806398366083,2.0617157102964856,0.0,0.00038573570975370595,0.006,82/209,16.35%,ETS2;BAX;IKBKB;ANAPC2;RELB;IL2RA;HLA-F;KAT2A;NFKB2;ANAPC5;JAK3;HLA-DMA;LCK;CCND3;AKT1;ZFP36;ADCY3;CDKN2A;ANAPC7;IL15RA;TNF;ADCY6;MAP3K3;CD3G;CD3E;ADCY9;CD3D;IL15;PIK3CD;ATF4;SRF;LTA;HLA-DMB;CSF2;MAP3K14;ADCY4;CRTC2;IL2RG;TGFB1;RANBP3;NFKBIA;ADCY7;ADCY2;HRAS;CD40;FOSL1;AKT2;ETS1;CRTC1;SPI1;MAP2K2;LTBR;IKBKG;ADCY5;ATF6B;TNFRSF1A;HLA-DRA;TCF3;HLA-DPB1;HLA-DPA1;MYC;RELA;MSX1;ITGB2;HLA-B;VAC14;ANAPC4;CD4;ITGAL;B2M;STAT5A;TNFRSF13C;CCNB2;HLA-E;HLA-DOB;POLB;HLA-DRB1;SLC25A4;MAD1L1;KAT5;HLA-C;ICAM1,False
prerank,Graft-versus-host disease,0.616396303557708,2.0364548353189726,0.0,0.0004114514237372863,0.008,18/32,21.99%,HLA-F;HLA-DMA;TNF;HLA-DMB;CD28;HLA-DRA;HLA-DPB1;HLA-DPA1;FASLG;HLA-B;HLA-E;HLA-DOB;HLA-DRB1;HLA-C;HLA-A;HLA-DQA1;GZMB;CD86,False
prerank,Necroptosis,0.47985220085854535,2.025506868473405,0.0,0.0004675584360650981,0.01,43/117,16.43%,ALOX15;TNFRSF10B;BIRC3;TYK2;BAX;PLA2G4E;IRF9;JAK3;PLA2G4B;TRADD;PLA2G4F;RNF31;RIPK3;FTH1;STAT6;CAPN2;TNF;JMJD7-PLA2G4B;STAT2;GLUD2;MLKL;CHMP4A;TRAF5;CASP8;STAT3;SPATA2L;IFNGR2;TNFRSF1A;IFNGR1;FASLG;STAT4;TNFRSF10A;USP21;SHARPIN;TNFAIP3;GLUL;STAT5A;NLRP3;TNFSF10;SLC25A4;IFNAR2;CAMK2G;CYLD,False
prerank,Herpes simplex virus 1 infection,-0.405080963880221,-2.233504969278755,0.0,0.0004726678659275304,0.001,182/462,15.63%,ZNF585B;ZNF417;ZNF460;ZNF667;ZNF436;ZNF610;ZNF675;ZNF283;ZNF772;ZNF791;IFNAR1;ZNF415;ZNF492;ZNF549;ZNF548;ZNF430;ZNF677;ZNF14;ZNF256;ZNF383;ZNF189;ZIK1;ZNF850;ZNF234;ZNF91;ZNF347;ZNF615;ZNF836;ZNF253;ZNF8;ZNF790;ZNF805;ZNF85;ZNF813;ZNF607;ZNF208;ZNF699;ZNF616;ZNF623;ZNF566;ZNF619;TAB2;PIK3CA;ZNF721;ZNF816;ZNF221;ZNF737;ZNF420;ZNF714;ZNF160;ZNF573;ZNF486;ZNF561;ZNF227;ZNF184;ZNF614;HCFC2;ZNF676;EIF2AK1;ZNF320;SRPK1;ZNF627;ZNF12;ZNF268;ZNF254;ZNF107;ZFP14;ZNF214;ZNF829;ZNF93;PIK3R1;ZNF17;ZNF112;ZNF730;ZNF766;ZNF717;ZNF780A;ZNF529;ZNF845;ZNF726;PPP1CB;ZNF595;ZNF571;ZNF431;ZNF680;ZNF317;ZNF543;ZNF567;ZNF285;ZNF583;ZNF416;ZNF33A;ZNF429;PIK3CB;ZNF439;ZNF425;EIF2AK3;ZNF286A;ZNF555;ZNF480;EIF2AK2;ZNF136;ZNF599;ZNF585A;ZNF426;ZNF879;ZNF404;ZNF506;ZNF229;ZNF44;ZNF433;ZNF568;ZNF510;ZNF765;ZNF665;TRAF6;ZNF461;ZNF490;RBAK;ZNF860;ZNF471;ZFP30;ZNF37A;ZNF441;ZNF235;ZNF808;ZNF443;ZNF570;ZNF569;MAP3K7;ZNF442;ZNF761;ZNF43;ZNF736;POU2F1;ZNF155;ZNF230;ZFP82;ZNF175;ZNF135;ZNF226;ZNF225;ZNF547;ZNF302;ZNF468;ZNF181;PTPN11;ZNF534;ZNF780B;ZNF546;ZNF418;ZNF77;ZNF814;ZNF563;ZNF606;ZNF782;ZNF98;EIF2S1;ZNF90;ZNF132;ZNF701;ZNF527;ZNF354C;ZNF773;CASP3;ZFP28;ZNF624;ZNF674;ZNF551;ZNF200;ZNF605;ZNF649;ZNF41;ZNF544;ZNF84;ZNF853;ZNF557;ZNF684;ZNF20;ZNF124;ZFP90;ZNF334,False
prerank,Influenza A,0.46445566904681873,2.0269194737513754,0.0,0.0004898231234967695,0.01,51/149,16.87%,TNFRSF10B;SOCS3;TYK2;TMPRSS4;IRF3;BAX;IKBKB;BCL2L2-PABPN1;PABPN1;IRF9;NXF1;HLA-DMA;CCND3;TRADD;AKT1;IRF7;TNF;CCL2;STAT2;CIITA;PIK3CD;HLA-DMB;TRAF3;CXCL8;NFKBIA;IRAK4;AKT2;CASP8;MAP2K2;IKBKG;IFNGR2;TNFRSF1A;HLA-DRA;PRKCA;IFNGR1;HLA-DPB1;HLA-DPA1;FASLG;TNFRSF10A;RELA;CPSF4;PML;NLRP3;HLA-DOB;HLA-DRB1;NFKBIB;TNFSF10;SLC25A4;IFNAR2;ICAM1;IKBKE,False
prerank,Osteoclast differentiation,0.46411626259053895,2.0039308985029405,0.0,0.0005813987509331221,0.013,44/124,13.19%,SOCS3;CSF1;TYK2;NCF2;IKBKB;RELB;SOCS1;IRF9;NFKB2;LCK;MAPK11;AKT1;TNF;STAT2;LILRB4;CYBA;PIK3CD;MAP3K14;TNFSF11;PLCG2;TGFB1;NFKBIA;LILRB2;FCGR2A;FOSL1;AKT2;JUND;SPI1;LILRB5;BTK;IKBKG;TYROBP;LCP2;IFNGR2;TNFRSF1A;OSCAR;IFNGR1;NCF4;RELA;ITGB3;TNFRSF11B;CAMK4;SIRPG;LILRB1,False
prerank,Biosynthesis of unsaturated fatty acids,-0.638973207727542,-2.207688809504797,0.0,0.0006302238212367071,0.002,19/27,19.74%,HSD17B12;ACOX1;SCD5;ELOVL4;ELOVL1;SCP2;ELOVL6;HACD4;ACOT2;ELOVL5;ELOVL7;ELOVL3;HACD3;FADS1;ACOT4;ACOT1;FADS2;HSD17B4;TECR,False
prerank,JAK-STAT signaling pathway,0.46283418703672613,1.9851891045608026,0.0,0.000781757705100844,0.019,44/132,10.61%,IL13;SOCS3;TYK2;IL22;IL4R;IL2RA;SOCS1;IL20;IRF9;JAK3;CCND3;CSF2RB;AKT1;OSMR;STAT6;IL22RA2;IL15RA;OSM;STAT2;IL15;IL11;PIK3CD;IL12RB1;CISH;CSF2;IL21R;IL2RG;IL27RA;IL7R;IL10RA;IL13RA2;HRAS;IL11RA;AKT2;STAT3;IL10;IFNGR2;IFNGR1;PTPN6;MYC;STAT4;PTPN2;PIM1;IL23A,False
prerank,Systemic lupus erythematosus,0.5465103023714222,1.9859181041520055,0.0,0.0008143309428133792,0.019,20/49,15.70%,HLA-DMA;TNF;HLA-DMB;CD40LG;CD28;C1QB;CD40;FCGR2A;C1QC;IL10;C4A;HLA-DRA;C9;HLA-DPB1;HLA-DPA1;C8G;HLA-DOB;C1QA;HLA-DRB1;ACTN1,False
prerank,Th17 cell differentiation,0.48109670070470095,1.9743067552704314,0.0,0.0009099406486497678,0.023,37/101,10.61%,TYK2;IL22;IKBKB;IL4R;FOXP3;IL2RA;JAK3;HLA-DMA;LCK;MAPK11;STAT6;CD3G;CD3E;CD3D;CD247;IL12RB1;HLA-DMB;IL21R;IL2RG;IL27RA;TGFB1;NFKBIA;ZAP70;LAT;NFKBIE;STAT3;IKBKG;PLCG1;IFNGR2;HLA-DRA;RARA;IFNGR1;IRF4;HLA-DPB1;HLA-DPA1;RELA;IL23A,False
prerank,Epstein-Barr virus infection,0.44207546056212493,1.9706731117018093,0.0,0.0009143364971939698,0.023,72/184,19.09%,TYK2;IRF3;BAX;IKBKB;TAP2;RELB;TAP1;DDB2;HLA-F;IRF9;NFKB2;JAK3;HLA-DMA;CCND3;MAPK11;TRADD;AKT1;IRF7;LYN;TNF;CD3G;CD3E;CD3D;STAT2;CD247;PIK3CD;VIM;TAPBP;RUNX3;HLA-DMB;TRAF3;MAP3K14;PLCG2;NFKBIA;CD40;BCL2L11;IRAK4;AKT2;TRAF5;CASP8;NFKBIE;STAT3;BTK;IKBKG;HLA-DRA;CD44;HLA-DPB1;HLA-DPA1;MYC;RELA;TNFAIP3;HLA-B;FCER2;GADD45A;ITGAL;B2M;HLA-E;HLA-DOB;HLA-DRB1;NFKBIB;IFNAR2;CD58;HLA-C;ICAM1;IKBKE;IRAK1;E2F1;HLA-A;CASP9;HLA-DQA1;SYK;ADRM1,False
prerank,Fatty acid elongation,-0.6203928188045943,-2.1127535077714064,0.0,0.0009453357318550608,0.005,20/27,20.86%,HSD17B12;ELOVL4;MECR;ELOVL1;ELOVL6;HADH;HADHA;HACD4;ACOT2;THEM5;ELOVL5;ELOVL7;ACAA2;ELOVL3;HACD3;ACOT4;ACOT1;HADHB;TECR;ECHS1,False
prerank,T cell receptor signaling pathway,0.47069368146012175,1.9658344419367921,0.0,0.0009551550908187006,0.025,36/98,10.81%,IKBKB;ICOS;GRAP2;ITK;CTLA4;LCK;MAPK11;VAV1;AKT1;TNF;CD3G;CD3E;CD3D;CD247;PIK3CD;CSF2;MAP3K14;CD40LG;NFKBIA;CD28;ZAP70;HRAS;CARD11;LAT;PTPRC;AKT2;NFKBIE;MAP2K2;IKBKG;IL10;PLCG1;LCP2;PTPN6;VAV2;RELA;PDCD1,False
prerank,Fc epsilon RI signaling pathway,0.5075726699869849,1.9532802779115384,0.0,0.0010640985096653957,0.029,28/65,13.95%,IL13;PLA2G4E;PLA2G4B;MAPK11;VAV1;AKT1;INPP5D;PLA2G4F;LYN;TNF;JMJD7-PLA2G4B;PIK3CD;CSF2;PLCG2;HRAS;LAT;AKT2;ALOX5;ALOX5AP;MAP2K2;BTK;PLCG1;LCP2;PRKCA;VAV2;FCER1G;RAC3;RAC2,False
prerank,Propanoate metabolism,-0.5776256119016406,-2.1173562435841,0.0,0.001181669664818826,0.005,17/33,16.30%,PCCA;DBT;ACOX1;SUCLG2;SUCLA2;ALDH6A1;ACSS3;HADHA;BCKDHB;LDHB;PCCB;DLD;ACAT1;ACSS2;ACAT2;SUCLG1;LDHAL6A,False
prerank,"Valine, leucine and isoleucine degradation",-0.5208350639967559,-2.069620974493247,0.0,0.001418003597782591,0.009,27/46,21.76%,PCCA;DBT;HMGCL;HMGCLL1;HADH;ALDH3A2;ALDH6A1;HADHA;BCKDHB;PCCB;DLD;BCAT2;ACAA2;ACAT1;HIBADH;HMGCS1;ALDH9A1;MCCC2;ACAT2;ACADM;AACS;HADHB;OXCT2;ECHS1;HSD17B10;ALDH2;OXCT1,False
prerank,Viral myocarditis,0.5030446507701144,1.8937013198325205,0.0,0.0020572571186864316,0.057,26/55,18.68%,HLA-F;HLA-DMA;HLA-DMB;CD40LG;CD28;CD40;CASP8;HLA-DRA;HLA-DPB1;HLA-DPA1;ABL2;ITGB2;HLA-B;RAC3;ITGAL;RAC2;HLA-E;HLA-DOB;HLA-DRB1;HLA-C;ICAM1;SGCD;LAMA2;HLA-A;CASP9;HLA-DQA1,False
prerank,Linoleic acid metabolism,0.6213206294979903,1.8713817668553854,0.0016129032258064516,0.002488617482281974,0.07,9/23,3.85%,ALOX15;CYP2E1;PLA2G2F;PLA2G4E;PLA2G3;PLA2G4B;PLA2G4F;JMJD7-PLA2G4B;PLA2G6,False
prerank,NOD-like receptor signaling pathway,0.41776943256417204,1.8488118002611262,0.0,0.0030858856780296476,0.089,57/156,18.19%,DEFB4A;BIRC3;TYK2;IRF3;DEFB4B;CARD9;GSDMD;IKBKB;NOD2;IRF9;PLCB2;MAPK11;IRF7;RNF31;RIPK3;NOD1;TNF;CCL2;STAT2;TRPV2;CYBA;CXCL1;TRAF3;CXCL8;NFKBIA;AIM2;IFI16;PLCB3;CTSB;IRAK4;TRAF5;CASP8;GABARAP;IKBKG;GBP5;NLRP1;PYDC1;DEFB103B;DEFB103A;RELA;SHARPIN;TNFAIP3;ATG16L1;NLRP3;PSTPIP1;NAMPT;NFKBIB;CXCL2;IFNAR2;CARD17;TRPM2;IKBKE;GBP3;NLRP6;CASP4;NAIP;CAMP,False
prerank,Neutrophil extracellular trap formation,0.438229542320497,1.831077821270595,0.0,0.00314148722177793,0.103,39/99,18.75%,CLEC7A;NCF2;GSDMD;HDAC6;PLCB2;MAPK11;AKT1;FPR3;CYBA;PIK3CD;SELPLG;SIGLEC9;HDAC10;PLCG2;ITGAM;PLCB3;HDAC7;FCGR2A;TLR8;AKT2;MAP2K2;PLCG1;PRKCA;C5AR1;NCF4;ATG7;AGER;RELA;ITGB3;ITGB2;ITGAL;VWF;RAC2;SLC25A4;FPR1;CASP4;CAMP;HDAC8;SYK,False
prerank,Apoptosis,0.41915535762725553,1.8317261066055883,0.0,0.0032001777401788937,0.102,47/137,16.89%,TNFRSF10B;BIRC3;BAX;IKBKB;CTSC;CTSZ;TRADD;HTRA2;CSF2RB;AKT1;PARP3;CAPN2;TRAF1;TNF;PIDD1;NTRK1;PIK3CD;ATF4;MAP3K14;NFKBIA;HRAS;BCL2L11;CTSB;AKT2;CASP8;CASP7;MAP2K2;HRK;IKBKG;TNFRSF1A;PARP2;FASLG;TNFRSF10A;RELA;CTSL;GADD45A;CTSS;PARP4;BIRC7;TP53AIP1;CTSW;TNFSF10;BCL2A1;MCL1;DIABLO;DAXX;ENDOG,False
prerank,C-type lectin receptor signaling pathway,0.4381842846281841,1.8359955510508348,0.0,0.003267408364972568,0.098,31/100,11.45%,CLEC7A;IRF1;CARD9;IKBKB;CCL22;RELB;IRF9;NFKB2;MAPK11;AKT1;CCL17;TNF;STAT2;PIK3CD;BCL3;MAP3K14;PLCG2;CALML6;NFKBIA;HRAS;AKT2;CASP8;CALML4;CD209;IKBKG;IL10;RELA;IL23A;RRAS;FCER1G;KSR1,False
prerank,PD-L1 expression and PD-1 checkpoint pathway in cancer,0.45278595920672104,1.8330708976772272,0.0015037593984962407,0.0032916113898982906,0.102,31/86,10.81%,IKBKB;BATF;LCK;BATF3;MAPK11;CD274;AKT1;MAP3K3;CD3G;CD3E;CD3D;CD247;PIK3CD;RPS6KB2;NFKBIA;CD28;ZAP70;HRAS;LAT;AKT2;NFKBIE;STAT3;MAP2K2;IKBKG;PLCG1;IFNGR2;IFNGR1;PTPN6;RELA;CSNK2A3;PDCD1,False
prerank,Cell adhesion molecules,0.4263108292838481,1.836782189133245,0.0,0.0033352501772643665,0.097,63/133,23.53%,ICOS;HLA-F;CTLA4;HLA-DMA;CD6;CD226;CD274;TIGIT;SPN;VCAM1;NRCAM;SELPLG;HLA-DMB;CD40LG;CNTNAP1;CD28;L1CAM;CD40;ITGAM;CLDN17;PTPRC;ESAM;SDC3;CDH3;ITGB7;HLA-DRA;CD2;HLA-DPB1;HLA-DPA1;CD276;SELL;LRRC4;CLDN7;PDCD1;NLGN2;ITGB2;HLA-B;NTNG1;CD4;ITGAL;HLA-E;HLA-DOB;CD8A;HLA-DRB1;PTPRM;CD58;HLA-C;ICAM1;CLDN19;HLA-A;HLA-DQA1;CLDN5;ICAM3;CD8B;NRXN2;SIGLEC1;SELE;SELP;CD86;CLDN24;NLGN4X;MADCAM1;ICAM2,False
prerank,Butanoate metabolism,-0.5958939690545861,-2.007551674543586,0.0,0.003511247004033083,0.026,16/25,24.09%,ALDH5A1;L2HGDH;HMGCL;HMGCLL1;HADH;ACSM3;HADHA;ACAT1;HMGCS1;ACAT2;ACSM6;AACS;OXCT2;ECHS1;OXCT1;HMGCS2,False
prerank,Phospholipase D signaling pathway,0.42128598666650097,1.819688770375502,0.0,0.0036272691303155507,0.12,41/140,11.32%,CYTH2;PLA2G4E;DGKQ;SPHK1;PLA2G4B;PLD2;PLCB2;PIK3R5;RALGDS;AKT1;ADCY3;PLA2G4F;CYTH1;ADCY6;ADCY9;DGKZ;JMJD7-PLA2G4B;PIK3CD;CYTH4;DNM2;PLCG2;ADCY4;CXCL8;DGKD;TSC2;ADCY7;ADCY2;HRAS;PLCB3;AKT2;RAPGEF3;MAP2K2;PLCG1;ADCY5;PRKCA;DGKA;DGKE;SHC2;RRAS;GNA12;FCER1G,False
prerank,Human cytomegalovirus infection,0.40206990761301226,1.815969605390643,0.0,0.003771638050925125,0.127,65/200,14.22%,IRF3;BAX;IKBKB;TAP2;TAP1;HLA-F;BCAR1;PLCB2;MAPK11;TRADD;AKT1;ADCY3;CDKN2A;CXCR4;TNF;CCL2;ADCY6;ADCY9;PIK3CD;ATF4;TAPBP;ARHGEF11;CCR3;RPS6KB2;CCR1;ADCY4;CXCL8;CALML6;TSC2;NFKBIA;IL10RA;ADCY7;ADCY2;HRAS;ARHGEF1;PLCB3;AKT2;TRAF5;CASP8;CALML4;STAT3;GNB5;MAP2K2;IKBKG;ADCY5;ATF6B;TNFRSF1A;PRKCA;FASLG;MYC;RELA;CCR5;GNAO1;ITGB3;GNAI2;GNA12;HLA-B;CCL3;GNG2;GNG4;CCL4;RAC3;B2M;RAC2;PTGER4,False
prerank,Natural killer cell mediated cytotoxicity,0.4421524349993925,1.812278358886218,0.0,0.0038573570975370597,0.132,47/100,20.31%,TNFRSF10B;LCK;VAV1;TNF;ARAF;RAET1L;MICA;CD247;PIK3CD;CSF2;PLCG2;SH2D1A;ZAP70;HRAS;LAT;ULBP2;MAP2K2;HCST;TYROBP;PLCG1;LCP2;MICB;IFNGR2;PRKCA;CD48;IFNGR1;FASLG;PTPN6;VAV2;TNFRSF10A;SHC2;FCER1G;ITGB2;HLA-B;RAC3;ITGAL;RAC2;HLA-E;TNFSF10;IFNAR2;HLA-C;ICAM1;HLA-A;NFATC1;SYK;GZMB;KLRK1,False
prerank,Fatty acid degradation,-0.500864107369888,-1.943135469107799,0.0,0.004844845625757186,0.041,23/43,24.40%,ADH6;ACOX1;HADH;ADH1C;ECI2;ALDH3A2;HADHA;ACAA2;ACAT1;ACSL6;CPT1C;ALDH9A1;ACSL1;ACAT2;ACADM;HADHB;ACSL3;CPT1A;CPT2;ECHS1;ALDH2;ACSBG1;ADH5,False
prerank,Toxoplasmosis,0.4250740365559856,1.7859259646382772,0.0,0.005363563202289625,0.185,34/110,10.73%,BIRC3;TYK2;IKBKB;SOCS1;HLA-DMA;PIK3R5;MAPK11;AKT1;TNF;CIITA;HLA-DMB;CD40LG;TGFB1;NFKBIA;LDLR;IL10RA;CD40;IRAK4;AKT2;ALOX5;CASP8;STAT3;IKBKG;IL10;IFNGR2;TNFRSF1A;HLA-DRA;IFNGR1;HLA-DPB1;HLA-DPA1;RELA;CCR5;GNAO1;GNAI2,False
prerank,Cytosolic DNA-sensing pathway,0.5018297463662063,1.7863647856048561,0.001584786053882726,0.005444204814084826,0.184,13/45,16.87%,IRF3;IKBKB;POLR2H;IRF7;RIPK3;NFKBIA;AIM2;IKBKG;POLR3E;RELA;CCL4;NFKBIB;IKBKE,False
prerank,Fc gamma R-mediated phagocytosis,0.43339940762601636,1.7749284777960908,0.0014858841010401188,0.005741182656799344,0.2,27/95,10.21%,PLA2G4E;SPHK1;PLA2G4B;PLD2;VAV1;AKT1;INPP5D;PLA2G4F;ARPC1B;LYN;JMJD7-PLA2G4B;MYO10;PIK3CD;PLA2G6;DNM2;RPS6KB2;PLCG2;ACTR3C;FCGR2A;LAT;PTPRC;AKT2;PLCG1;PRKCA;INPPL1;VAV2;WAS,False
prerank,Tuberculosis,0.4012816474977534,1.7712543540782235,0.0,0.005821102529010472,0.209,53/158,18.75%,CLEC7A;TCIRG1;ITGAX;CARD9;BAX;NOD2;SPHK1;HLA-DMA;RFX5;MAPK11;TRADD;AKT1;TNF;CIITA;HLA-DMB;CALML6;TGFB1;CD74;IL10RA;ITGAM;IRAK4;FCGR2A;AKT2;IRAK2;CYP27B1;CASP8;CALML4;ATP6V0A2;CD209;IL10;IFNGR2;TNFRSF1A;HLA-DRA;IFNGR1;HLA-DPB1;HLA-DPA1;RELA;IL23A;FCER1G;KSR1;ITGB2;CTSS;CORO1A;PLK3;MRC1;HLA-DOB;HLA-DRB1;CAMK2G;IRAK1;CAMP;CASP9;HLA-DQA1;SYK,False
prerank,Kaposi sarcoma-associated herpesvirus infection,0.39368839894909485,1.7568074855268239,0.0,0.006743231666805526,0.241,65/174,19.51%,TYK2;IRF3;BAX;IKBKB;HLA-F;IRF9;CCR4;PIK3R5;MAPK11;TRADD;AKT1;IRF7;ZFP36;LYN;STAT2;MICA;PIK3CD;CXCL1;CCR3;TRAF3;CSF2;CCR1;PLCG2;CXCL8;CALML6;NFKBIA;CCR8;HRAS;AKT2;CASP8;CALML4;GABARAP;STAT3;GNB5;MAP2K2;IKBKG;PLCG1;MICB;TNFRSF1A;CD200R1;IFNGR1;MYC;RELA;CCR5;HCK;HLA-B;GNG2;LEF1;GNG4;PREX1;HLA-E;GNB3;CXCL2;IFNAR2;HLA-C;ICAM1;IKBKE;NFATC4;E2F1;HLA-A;CASP9;NFATC1;SYK;TCF7;BECN1,False
prerank,B cell receptor signaling pathway,0.4391171201645946,1.7512866927161992,0.0,0.007066230972879483,0.249,31/77,18.75%,IKBKB;VAV1;AKT1;INPP5D;LYN;LILRB4;PIK3CD;PLCG2;NFKBIA;HRAS;CARD11;LILRB2;AKT2;NFKBIE;LILRB5;MAP2K2;BTK;IKBKG;IFITM1;INPPL1;PTPN6;VAV2;RELA;RAC3;LILRB1;RAC2;NFKBIB;LILRB3;LILRA6;NFATC1;SYK,False
prerank,ABC transporters,0.49545126100321724,1.744782793940751,0.0,0.007441142769716881,0.262,17/43,20.00%,TAP2;ABCA7;ABCC2;TAP1;ABCG4;ABCD4;ABCB8;ABCD1;ABCC4;ABCC5;ABCC10;ABCC1;ABCG1;ABCA2;ABCB1;ABCA9;ABCB6,False
prerank,Pertussis,0.4394335095244537,1.735478879508419,0.0,0.007914142181069233,0.287,22/73,11.71%,IRF1;IRF3;MAPK11;CXCL6;NOD1;IRF8;TNF;CXCL8;CALML6;ITGA5;C1QB;ITGAM;IRAK4;CALML4;CASP7;C1QC;IL10;C4A;RELA;IL23A;GNAI2;ITGB2,False
prerank,Chagas disease,0.41778047289107006,1.736331967507094,0.0015015015015015015,0.007971871334909923,0.284,33/97,12.32%,IKBKB;PLCB2;MAPK11;AKT1;SERPINE1;TNF;CCL2;CD3G;CD3E;CD3D;CD247;PIK3CD;CXCL8;TGFB1;NFKBIA;C1QB;PLCB3;IRAK4;AKT2;CASP8;PPP2R2D;C1QC;IKBKG;IL10;IFNGR2;TNFRSF1A;IFNGR1;FASLG;RELA;GNAO1;GNAI2;GNA15;CCL3,False
prerank,Complement and coagulation cascades,0.4404619893772812,1.7079292778811381,0.0031496062992125984,0.010407300718060774,0.358,32/65,26.73%,ITGAX;SERPINE1;VSIG4;C1QB;ITGAM;F13A1;SERPINF2;C1QC;C4A;C9;C5AR1;ITGB2;C3AR1;THBD;PLAUR;C8G;VWF;C1QA;F12;CFB;BDKRB2;PROCR;F2RL2;F7;PLAT;SERPINA1;CD46;PLAU;PROC;SERPIND1;C2;F2RL3,False
prerank,Ovarian steroidogenesis,0.47026288808920613,1.7084426599533584,0.008012820512820512,0.010553729018861395,0.356,13/45,7.98%,PLA2G4E;PLA2G4B;ADCY3;PLA2G4F;ADCY6;ADCY9;JMJD7-PLA2G4B;ADCY4;LDLR;ADCY7;ADCY2;ALOX5;ADCY5,False
prerank,Glycosaminoglycan degradation,0.594963353348787,1.7015673548838437,0.01206896551724138,0.01085994382845049,0.376,9/18,14.59%,HYAL1;GALNS;IDUA;ARSB;GUSB;HYAL3;SGSH;NAGLU;HYAL4,False
prerank,Acute myeloid leukemia,0.4293692148527311,1.6720656869758765,0.0016155088852988692,0.014420207916830366,0.47,24/64,13.71%,IKBKB;AKT1;ARAF;PIK3CD;RPS6KB2;CSF2;HRAS;ITGAM;AKT2;SPI1;STAT3;MAP2K2;FLT3;IKBKG;RARA;ZBTB16;PER2;MYC;RELA;PIM1;LEF1;PML;PIM2;STAT5A,False
prerank,Phagosome,0.3852657157023736,1.667950752444939,0.0,0.014572237924028893,0.483,37/140,15.34%,CLEC7A;ATP6V1C2;NCF2;TCIRG1;TAP2;COMP;TAP1;HLA-F;HGS;HLA-DMA;CYBA;HLA-DMB;ITGA5;ITGAM;DYNC1LI2;FCGR2A;MSR1;ATP6V0A2;RILP;SEC61A2;THBS3;CD209;HLA-DRA;MARCO;NCF4;HLA-DPB1;HLA-DPA1;ITGB3;CTSL;ITGB2;HLA-B;CTSS;CORO1A;MRC1;HLA-E;HLA-DOB;HLA-DRB1,False
prerank,Inflammatory mediator regulation of TRP channels,0.40718289983937894,1.6566495474191565,0.0030534351145038168,0.015915689163655943,0.526,25/93,8.48%,HRH1;PLA2G4E;PLA2G4B;PLCB2;MAPK11;ADCY3;PLA2G4F;ADCY6;ADCY9;JMJD7-PLA2G4B;NTRK1;TRPV2;PIK3CD;TRPA1;PLA2G6;PLCG2;ADCY4;CALML6;ADCY7;ADCY2;PLCB3;CALML4;PLCG1;ADCY5;PRKCA,True
prerank,Peroxisome,-0.42145525899037345,-1.816333001113356,0.0,0.016070707441536033,0.141,35/80,16.31%,PEX12;PEX7;PEX3;ABCD3;PXMP4;ACOX1;SLC25A17;SCP2;HMGCL;PEX19;HMGCLL1;PEX11A;ECI2;ECH1;PECR;PEX5L;PRDX5;HACL1;ACSL6;PMVK;FAR2;ACSL1;PXMP2;AGPS;GNPAT;PHYH;SLC27A2;CRAT;HAO2;IDH1;ACOX2;NUDT19;ABCD2;PEX2;DHRS4,False
prerank,alpha-Linolenic acid metabolism,0.5652455454163323,1.647144024878576,0.0078125,0.01717442326760548,0.56,7/19,3.85%,PLA2G2F;PLA2G4E;PLA2G3;PLA2G4B;PLA2G4F;JMJD7-PLA2G4B;PLA2G6,False
prerank,Measles,0.3812148873306004,1.630894313399672,0.001447178002894356,0.01988090715558181,0.615,32/122,10.49%,TYK2;IRF3;BAX;IKBKB;SLAMF1;IL2RA;IRF9;JAK3;CCND3;TRADD;AKT1;IRF7;MSN;CD3G;CD3E;CD3D;STAT2;PIK3CD;TRAF3;IL2RG;NFKBIA;CD28;IRAK4;AKT2;CASP8;STAT3;CD209;TP73;IKBKG;FASLG;RELA;CSNK2A3,False
prerank,Human immunodeficiency virus 1 infection,0.3592610612938209,1.63116165624434,0.0014265335235378032,0.020139464425035596,0.614,55/186,15.37%,IRF3;APOBEC3B;BAX;IKBKB;TAP2;AP1G2;APOBEC3C;TAP1;HLA-F;MAPK11;APOBEC3A;TRADD;AKT1;CXCR4;TNF;CD3G;CD3E;CD3D;CD247;TNFRSF1B;PIK3CD;TAPBP;RPS6KB2;PLCG2;CALML6;NFKBIA;HRAS;IRAK4;AKT2;TRAF5;CASP8;CALML4;GNB5;MAP2K2;IKBKG;PLCG1;TNFRSF1A;PRKCA;FASLG;RELA;CCR5;GNAO1;GNAI2;HLA-B;GNG2;GNG4;PAK6;RAC3;CD4;B2M;RAC2;CCNB2;HLA-E;APOBEC3H;GNB3,False
prerank,African trypanosomiasis,0.4918911461788871,1.6256431594038843,0.011437908496732025,0.020642308716311317,0.634,18/32,28.24%,APOL1;PLCB2;TNF;VCAM1;PLCB3;IL10;PRKCA;FASLG;THOP1;ICAM1;HBA1;PLCB4;LAMA4;SELE;HBA2;IL12B;FAS;MYD88,False
prerank,Morphine addiction,0.4105416892825894,1.6174794137304003,0.012139605462822459,0.021302565648333698,0.663,25/75,15.37%,PDE4B;GABRR1;ADCY3;ADCY6;ADCY9;GRK5;GABRR2;ARRB2;ADCY4;GABBR1;ADCY7;ADCY2;PDE4A;GABRE;GNB5;ADCY5;PRKCA;GNAO1;GNAI2;GNG2;GNG4;GRK6;ARRB1;KCNJ9;GNB3,False
prerank,Malaria,0.4471694933525722,1.6147756558399409,0.014084507042253521,0.021535889996407966,0.672,22/47,23.08%,COMP;TNF;CCL2;VCAM1;CXCL8;CD40LG;TGFB1;CD40;THBS3;IL10;ITGB2;KLRB1;ITGAL;ICAM1;HBA1;GYPC;KLRK1;THBS1;SELE;SELP;ACKR1;HBA2,False
prerank,Lipid and atherosclerosis,0.35227724787226533,1.6175909998768176,0.0,0.02163492527274338,0.663,47/195,10.17%,TNFRSF10B;IRF3;NCF2;BAX;IKBKB;PLCB2;MAPK11;VAV1;AKT1;IRF7;LYN;MMP1;MMP9;TNF;CCL2;VCAM1;CYBA;PIK3CD;ATF4;CXCL1;TRAF3;CXCL8;CD40LG;CALML6;NFKBIA;LDLR;MIB2;HRAS;ARHGEF1;CD40;PLCB3;IRAK4;AKT2;CASP8;CALML4;STAT3;CASP7;IKBKG;PLCG1;TNFRSF1A;PRKCA;NCF4;FASLG;VAV2;TNFRSF10A;AGER;RELA,False
prerank,Leishmaniasis,0.4124345118491672,1.6185460529080533,0.0031007751937984496,0.021772637839431404,0.656,25/72,15.86%,NCF2;HLA-DMA;MAPK11;TNF;CYBA;HLA-DMB;TGFB1;NFKBIA;ITGAM;IRAK4;FCGR2A;IL10;IFNGR2;HLA-DRA;IFNGR1;NCF4;HLA-DPB1;HLA-DPA1;PTPN6;RELA;ITGB2;HLA-DOB;HLA-DRB1;NFKBIB;MARCKSL1,False
prerank,Vascular smooth muscle contraction,0.3840473505643736,1.6109058066972617,0.0,0.02185835688604334,0.688,27/119,8.48%,PLA2G2F;PLA2G4E;PLA2G3;PPP1R12C;PLA2G4B;PLCB2;RAMP3;ADCY3;PLA2G4F;CALCB;ARAF;ADCY6;ADCY9;JMJD7-PLA2G4B;EDN2;ARHGEF11;PLA2G6;ADCY4;CALML6;ADCY7;ADCY2;ARHGEF1;PLCB3;CALML4;MAP2K2;ADCY5;PRKCA,False
prerank,Adipocytokine signaling pathway,0.4232827858006678,1.6063591762127858,0.006299212598425197,0.022566528086514243,0.705,15/66,10.17%,SOCS3;IKBKB;TRADD;AKT1;STK11;CPT1B;TNF;TNFRSF1B;NFKBIA;AKT2;NFKBIE;STAT3;IKBKG;TNFRSF1A;RELA,True
prerank,Relaxin signaling pathway,0.37549300935484703,1.600223712898781,0.0084985835694051,0.02350260405287227,0.727,39/119,13.91%,COL4A4;PLCB2;MAPK11;AKT1;ADCY3;MMP1;MMP9;ADCY6;PRKCZ;ADCY9;PIK3CD;ATF4;MMP13;ARRB2;ADCY4;TGFB1;NFKBIA;ADCY7;ADCY2;HRAS;PLCB3;COL4A3;AKT2;GNB5;MAP2K2;ADCY5;ATF6B;PRKCA;EDNRB;RELA;SHC2;GNAO1;GNAI2;COL4A2;GNA15;GNG2;GNG4;NOS3;ARRB1,False
prerank,Protein processing in endoplasmic reticulum,-0.3588226117556533,-1.7574957779588711,0.0,0.02448419545504607,0.226,56/159,21.00%,MBTPS2;ATF6;SEC63;UBQLN1;SSR1;ATXN3;SVIP;SEC24B;SEC24A;UBQLN2;EIF2AK1;NFE2L2;RNF185;HSPA4L;MAPK10;SIL1;SAR1B;EIF2AK3;EIF2AK2;UBE4B;SAR1A;ERLEC1;HSPA2;STT3B;SEC31A;RAD23B;UBXN4;SEC62;PRKCSH;SEL1L;SSR3;MAP3K5;EIF2S1;MAN1A2;HSPA1L;CRYAB;UBE2D4;LMAN1;WFS1;UBE2G1;YOD1;TRAM1L1;GANAB;CKAP4;TRAM1;CASP12;BCAP31;SEC23A;RNF5;MBTPS1;P4HB;CANX;AMFR;HSPA5;HSP90AA1;SSR2,False
prerank,Other glycan degradation,0.5671138009929988,1.5920840401175076,0.011986301369863013,0.02497878606046884,0.747,4/16,3.17%,ENGASE;MAN2B1;MAN2C1;GBA2,False
prerank,Pyrimidine metabolism,0.422982707242816,1.5687979944341208,0.009188361408882083,0.029511498244818742,0.818,11/52,11.51%,UCKL1;TYMP;NME3;PNP;ENTPD6;ENTPD4;UPP1;NT5C3A;NME2;CTPS1;DTYMK,False
prerank,Ras signaling pathway,0.3429694449781994,1.5732165557970923,0.0,0.029573071081117456,0.805,56/205,13.97%,CSF1;PLA2G2F;ETS2;IKBKB;RGL2;PLA2G4E;PLA2G3;NTRK2;PLA2G4B;FGFR3;PLD2;RALGDS;AKT1;PLA2G4F;JMJD7-PLA2G4B;RASGRP2;NTRK1;PIK3CD;NTF4;PLA2G6;PLCG2;GRIN1;CALML6;ZAP70;HRAS;LAT;AKT2;ETS1;RASSF1;RASGRP4;CALML4;GNB5;MAP2K2;FLT3;IKBKG;PLCG1;PRKCA;FLT1;RASAL3;FASLG;FLT3LG;ABL2;RELA;PGF;RASA4;SHC2;PLA2G2A;RRAS;KSR1;RASAL1;GNG2;GNG4;PAK6;RAC3;RAC2;EPHA2,False
prerank,Phosphatidylinositol signaling system,0.38092593692674775,1.5715533252524072,0.0030120481927710845,0.029636428637308886,0.809,26/92,10.89%,DGKQ;IPPK;INPP5E;PLCB2;INPP5D;ITPK1;DGKZ;PIK3CD;PIP4K2A;ITPKA;MTMR14;PLCG2;DGKD;CALML6;IP6K3;PLCB3;CALML4;PLCG1;MTMR7;PRKCA;DGKA;SYNJ2;IP6K2;DGKE;INPPL1;MTM1,False
prerank,"Parathyroid hormone synthesis, secretion and action",0.3799315628139997,1.5696231501622016,0.001483679525222552,0.029697975977609134,0.813,32/98,13.91%,PDE4B;PLD2;PLCB2;ADCY3;ARAF;ADCY6;ADCY9;ATF4;ARHGEF11;MMP13;ARRB2;TNFSF11;ADCY4;ADCY7;ADCY2;ARHGEF1;PLCB3;MMP25;CYP27B1;PDE4A;JUND;ADCY5;ATF6B;PRKCA;MMP17;GNAI2;SLC34A3;GNA12;SLC9A3R1;MMP15;BGLAP;ARRB1,False
prerank,Glycerophospholipid metabolism,0.3902539487281423,1.5611958929845826,0.00715307582260372,0.03068976715410307,0.838,24/89,10.69%,PLA2G2F;TAZ;LPCAT1;PLA2G4E;PLA2G3;DGKQ;PGS1;LPIN3;PLA2G4B;PLD2;PLA2G4F;DGKZ;JMJD7-PLA2G4B;PLA2G6;LPCAT4;DGKD;PISD;GPAT4;ACHE;DGKA;PHOSPHO1;DGKE;PCYT2;PLA2G2A,False
prerank,Salivary secretion,0.3964577712017638,1.562573727357194,0.0078125,0.030730278210378575,0.837,18/76,8.90%,PLCB2;ADCY3;ADCY6;ADCY9;ADCY4;BEST2;CALML6;ADCY7;ADCY2;PLCB3;LYZ;CALML4;SLC4A2;MUC5B;ADCY5;RYR3;PRKCA;CST3,False
prerank,Platelet activation,0.3648766177567535,1.557622625401964,0.004273504273504274,0.030900001922670204,0.845,34/115,13.56%,PLA2G4E;PLA2G4B;PLCB2;PIK3R5;MAPK11;AKT1;FERMT3;ADCY3;PLA2G4F;LYN;ADCY6;PRKCZ;ADCY9;JMJD7-PLA2G4B;RASGRP2;PIK3CD;PLCG2;ADCY4;ADCY7;ADCY2;ARHGEF1;PLCB3;FCGR2A;AKT2;BTK;LCP2;ADCY5;P2RY1;ITGB3;GNAI2;FCER1G;TBXAS1;NOS3;VWF,False
prerank,Gastric acid secretion,0.40174775423308395,1.5590017558711717,0.01889763779527559,0.03091445832404476,0.842,18/69,11.66%,KCNK10;PLCB2;ADCY3;ADCY6;ADCY9;ADCY4;CALML6;HRH2;ADCY7;ADCY2;PLCB3;CALML4;SLC4A2;ADCY5;PRKCA;KCNQ1;GNAI2;CA2,False
prerank,Lysosome,0.3608836994617696,1.5459291502524075,0.002932551319648094,0.03409362290770475,0.866,53/124,25.00%,TCIRG1;GGA1;AP1G2;CTSC;HYAL1;CTSZ;GALNS;IDUA;MCOLN1;MAN2B1;ENTPD4;ARSB;NAGPA;ARSA;LAPTM5;CTSB;CLTCL1;AP4M1;ATP6V0A2;GUSB;GGA3;GNPTG;AP3D1;HYAL3;CTSA;LGMN;CTSL;SGSH;GLA;AP4B1;CTSS;NAGLU;HYAL4;PPT2;CTSW;ABCA2;GAA;LAMP3;NPC1;GGA2;AP1S3;NAGA;SLC11A1;LIPA;NAPSA;HEXA;AP1M1;ACP2;AP1S2;CTNS;ATP6V0D1;AP3M2;ACP5,False
prerank,Arachidonic acid metabolism,0.4214346557166297,1.5424520093177214,0.016467065868263474,0.03462604189373527,0.874,14/51,8.05%,ALOX15;CYP2E1;PLA2G2F;PLA2G4E;PLA2G3;PLA2G4B;PLA2G4F;PTGES;JMJD7-PLA2G4B;PLA2G6;GGT5;ALOX5;GPX2;PTGES2,False
prerank,GnRH signaling pathway,0.3787896116731842,1.5353721110478102,0.014727540500736377,0.03630531312656248,0.885,22/91,8.48%,PLA2G4E;PLA2G4B;PLD2;PLCB2;MAPK11;ADCY3;PLA2G4F;ADCY6;MAP3K3;ADCY9;JMJD7-PLA2G4B;ATF4;ADCY4;CALML6;ADCY7;ADCY2;HRAS;PLCB3;CALML4;MAP2K2;ADCY5;PRKCA,False
prerank,Ether lipid metabolism,0.4393890368679186,1.5236456850713456,0.018518518518518517,0.03986912213555604,0.902,10/40,3.90%,PLA2G2F;LPCAT1;PLA2G4E;PLA2G3;PLA2G4B;PLD2;PLA2G4F;JMJD7-PLA2G4B;PLA2G6;LPCAT4,False
prerank,Viral carcinogenesis,0.3420762573804236,1.5219288118182341,0.006858710562414266,0.040103655957393625,0.908,34/160,8.11%,IRF3;BAX;HLA-F;IRF9;KAT2A;NFKB2;SCRIB;JAK3;CCR4;HDAC6;CCND3;TRADD;IRF7;CDKN2A;LYN;TRAF1;PIK3CD;ATF4;YWHAH;SRF;CCR3;TRAF3;HDAC10;NFKBIA;CCR8;HRAS;HDAC7;GTF2H2;TRAF5;CASP8;STAT3;LTBR;IKBKG;ATF6B,False
prerank,GABAergic synapse,0.38691826559054593,1.514781071246264,0.013740458015267175,0.04240235505737035,0.92,25/75,13.84%,GABRR1;ADCY3;ADCY6;ADCY9;SLC38A5;GABRR2;ADCY4;GABBR1;ADCY7;ADCY2;GABARAP;GABRE;SLC6A1;GNB5;SLC6A11;ADCY5;PRKCA;GLS2;GNAO1;GNAI2;PLCL1;GNG2;GNG4;GLUL;CACNA1C,False
prerank,Citrate cycle (TCA cycle),-0.4793435109197648,-1.6778200738096822,0.008152173913043478,0.04365732288930644,0.382,19/29,29.32%,SUCLG2;SUCLA2;SDHC;CS;ACLY;DLD;OGDH;SUCLG1;IDH1;ACO1;MDH2;SDHD;PDHB;DLAT;MDH1;FH;PDHA1;OGDHL;PCK2,False
prerank,Renal cell carcinoma,-0.39374078928455525,-1.6550636929304257,0.0,0.045739705795141014,0.449,23/65,12.85%,BRAF;CRKL;PIK3CA;TGFB2;HIF1A;RAP1A;MAPK1;PIK3R1;MET;PIK3CB;HGF;ARNT;CUL2;KRAS;PAK2;PAK3;TGFA;NRAS;PTPN11;GAB1;EPAS1;TGFB3;SOS1,False
prerank,Bile secretion,0.38059877445439166,1.5038379861025912,0.020061728395061727,0.045854526139396376,0.937,16/70,11.66%,SLC9A3;ABCC2;ADCY3;ADCY6;ADCY9;ADCY4;ABCC4;LDLR;ADCY7;ADCY2;UGT1A7;SLC4A2;ADCY5;UGT1A1;KCNN2;CA2,False
prerank,Vibrio cholerae infection,0.42118630572748944,1.5045151328967927,0.02086677367576244,0.04604994440669446,0.937,11/47,10.66%,ATP6V1C2;TCIRG1;TJP2;ADCY3;ADCY9;PLCG2;ATP6V0A2;SEC61A2;PLCG1;PRKCA;KCNQ1,False
prerank,ErbB signaling pathway,-0.37840791308519306,-1.6604362417505643,0.0028169014084507044,0.04718800861509845,0.437,26/82,12.85%,BRAF;CRKL;GSK3B;EGF;CAMK2D;EGFR;PIK3CA;NCK1;NRG4;ERBB4;BTC;MAPK1;PIK3R1;MAPK10;PIK3CB;PTK2;MAP2K4;KRAS;ERBB3;PAK2;PAK3;TGFA;NRG2;NRAS;GAB1;SOS1,False
prerank,Terpenoid backbone biosynthesis,-0.5133199182044432,-1.6330593954348036,0.026634382566585957,0.049630125922390696,0.501,12/22,24.09%,PCYOX1;NUS1;ACAT1;HMGCS1;GGPS1;PMVK;ACAT2;FDPS;FNTA;IDI1;MVK;HMGCS2,False
prerank,Amoebiasis,0.3614429044167305,1.4894723466774278,0.008823529411764706,0.05094160484366403,0.959,29/95,16.99%,SERPINB4;SERPINB6;COL4A4;CD1C;CD1B;PLCB2;TNF;PIK3CD;CXCL1;CSF2;CXCL8;TGFB1;SERPINB3;ITGAM;PLCB3;COL4A3;IL10;PRKCA;C9;RELA;COL4A2;ITGB2;GNA15;C8G;CXCL2;ACTN1;CD1A;LAMA2;LAMA3,False
prerank,Thyroid hormone synthesis,0.38410630458088507,1.4878833580856239,0.02066772655007949,0.051140991668052124,0.963,21/66,16.41%,SLC5A5;PLCB2;ADCY3;ADCY6;ADCY9;DUOX1;ATF4;ADCY4;ADCY7;ADCY2;PLCB3;GPX2;ADCY5;ATF6B;PRKCA;DUOXA2;LRP2;DUOX2;PAX8;TPO;GPX1,False
prerank,Ubiquitin mediated proteolysis,-0.3396971633208169,-1.6107044521996894,0.0,0.05583783056157225,0.559,43/135,14.28%,UBE2R2;TRIM32;KLHL9;MDM2;MAP3K1;CUL4B;UBE4A;XIAP;RCHY1;UBE3A;DDB1;ITCH;UBR5;BIRC6;PIAS1;UBE2B;ANAPC1;CUL5;PRPF19;TRIP12;HUWE1;UBE4B;CUL3;RHOBTB1;TRAF6;CDC23;WWP1;NHLRC1;UBOX5;CUL2;RPS27A;UBE2W;ANAPC13;CDC27;UBC;UBE2K;RHOBTB2;UBE2N;FBXW11;KLHL13;UBE2D4;BTRC;UBE2E2,False
prerank,Pathways in cancer,0.296275777786496,1.4715850764853462,0.0012315270935960591,0.058045748819681706,0.974,116/489,13.95%,IL13;BIRC3;BAX;IKBKB;IL4R;COL4A4;PLEKHG5;IL2RA;DDB2;NFKB2;RET;JAK3;FGFR3;PLD2;PLCB2;CCND3;RALGDS;TXNRD2;CSF2RB;AKT1;EGLN2;ADCY3;CDKN2A;CXCR4;MMP1;STAT6;TRAF1;MMP9;IL15RA;ARAF;ADCY6;ADCY9;RASGRP2;NTRK1;STAT2;IL15;PIK3CD;WNT9A;IL12RB1;ARHGEF11;RPS6KB2;TRAF3;ZBTB17;PLCG2;ADCY4;CXCL8;CALML6;FZD2;IL2RG;TGFB1;NOTCH1;NFKBIA;IL7R;DAPK3;ADCY7;ADCY2;HRAS;FZD9;ARHGEF1;PLCB3;BCL2L11;COL4A3;AKT2;ETS1;RASSF1;BMP4;TRAF5;CASP8;RASGRP4;CALML4;SPI1;GSTM2;AXIN1;TRAF4;STAT3;GNB5;CASP7;MAP2K2;FLT3;IKBKG;PLCG1;ADCY5;IFNGR2;MECOM;RARA;WNT7A;PRKCA;IFNGR1;ZBTB16;EDNRB;DVL1;CTBP1;FASLG;FLT3LG;MYC;STAT4;RELA;PGF;PIM1;IL23A;GNAI2;HEY1;COL4A2;GNA12;GADD45A;GNG2;LEF1;PML;GNG4;NOTCH4;PIM2;RAC3;BIRC7;STAT5A;IL12RB2;RAC2,False
prerank,"Alanine, aspartate and glutamate metabolism",0.4342279806521277,1.4594526431155124,0.051666666666666666,0.06332568464186511,0.982,10/32,17.05%,FOLH1;IL4I1;GPT2;NIT2;GLUD2;RIMKLB;GLS2;GLUL;ASRGL1;GFPT2,False
prerank,Taste transduction,0.3819428258369936,1.4489349422886033,0.027993779160186624,0.06509429861408916,0.985,21/60,23.10%,HTR3A;PLCB2;TAS2R60;SCN2A;ADCY6;ADCY4;GABBR1;PLCB3;SCNN1A;TAS2R41;P2RY1;TAS1R3;P2RX2;CACNA1C;HTR3B;GNB3;PLCB4;CACNA1A;PDE1B;GABBR2;KCNK5,False
prerank,Yersinia infection,0.3344326302047767,1.4496315219139897,0.009845288326300985,0.0654479050395299,0.985,31/132,10.21%,IRF3;BAIAP2;IKBKB;BCAR1;LCK;MAPK11;VAV1;AKT1;ARPC1B;TNF;CCL2;PIK3CD;CXCL8;ACTR3C;ITGA5;NFKBIA;ZAP70;ARHGEF1;IRAK4;FCGR2A;LAT;AKT2;MAP2K2;IKBKG;IL10;PLCG1;LCP2;RPS6KA1;VAV2;RELA;WAS,False
prerank,VEGF signaling pathway,0.39291858086471654,1.45023317684776,0.03225806451612903,0.06584365700418074,0.984,19/57,13.95%,PLA2G4E;SPHK1;PLA2G4B;MAPK11;AKT1;PLA2G4F;JMJD7-PLA2G4B;PIK3CD;PLCG2;HRAS;AKT2;MAP2K2;PLCG1;PRKCA;SHC2;SH2D2A;RAC3;NOS3;RAC2,False
prerank,Toll-like receptor signaling pathway,0.3528335378318528,1.4502717315907276,0.02457757296466974,0.06658347337501423,0.984,18/85,7.70%,IRF3;IKBKB;MAPK11;AKT1;IRF7;TNF;PIK3CD;TRAF3;CXCL8;NFKBIA;CD40;IRAK4;TLR8;AKT2;CASP8;IRF5;MAP2K2;IKBKG,False
prerank,Pancreatic secretion,0.36267530784452257,1.4502970363723753,0.017214397496087636,0.0673167258324725,0.984,19/77,11.66%,PLA2G2F;TPCN2;PLA2G3;PLCB2;ADCY3;ADCY6;ADCY9;ADCY4;CPB1;ADCY7;ADCY2;PLCB3;SLC4A2;ADCY5;PRKCA;KCNQ1;PLA2G2A;ATP2A1;CA2,False
prerank,Central carbon metabolism in cancer,0.3696542318121051,1.4343340769731,0.03189792663476874,0.0725017226504815,0.99,19/68,10.03%,TIGAR;RET;FGFR3;AKT1;SCO2;NTRK1;PIK3CD;PFKL;HRAS;AKT2;SLC16A3;MAP2K2;FLT3;HK3;GLS2;NTRK3;LDHAL6B;SLC1A5;MYC,False
prerank,Axon guidance,-0.316143922585434,-1.570210660503158,0.0,0.07332260270200816,0.676,48/177,13.13%,EFNA5;PARD6B;GSK3B;GDF7;CAMK2D;PLXNA4;BMPR2;PIK3CA;ABLIM1;NCK1;PPP3R1;MAPK1;GNAI1;ARHGEF12;PIK3R1;PLXNA2;PARD3;EPHA3;TRPC6;MET;PIK3CB;PTK2;NEO1;EPHB1;GNAI3;SEMA5A;ROBO2;BOC;PTCH1;DCC;KRAS;LRIG2;PARD6G;EPHA4;SEMA3B;EPHB3;PAK2;WNT5B;PAK3;CFL2;UNC5D;NRAS;PTPN11;RYK;TRPC1;SEMA3D;SEMA6D;RASA1,False
prerank,Hepatitis B,0.32258584645548943,1.4155639506186855,0.01308139534883721,0.0835049418760434,0.997,33/146,10.17%,TYK2;IRF3;BAX;IKBKB;DDB2;JAK3;MAPK11;AKT1;IRF7;STAT6;MMP9;TNF;ARAF;STAT2;PIK3CD;ATF4;TRAF3;CXCL8;TGFB1;NFKBIA;HRAS;IRAK4;AKT2;CASP8;STAT3;MAP2K2;IKBKG;ATF6B;PRKCA;FASLG;MYC;STAT4;RELA,False
prerank,Sphingolipid metabolism,-0.39487752648344104,-1.5429585296888717,0.015189873417721518,0.0855250797407696,0.745,17/47,14.87%,SPTLC3;SGPL1;ASAH2;ACER1;ASAH1;KDSR;CERK;SGPP2;PLPP1;DEGS2;CERS3;GAL3ST1;SGPP1;CERS6;DEGS1;UGCG;SGMS1,False
prerank,Inositol phosphate metabolism,0.35633725805451344,1.4051177228834293,0.038580246913580245,0.0893174419581283,0.997,19/72,11.12%,PIP5KL1;IPPK;INPP5E;PLCB2;INPP5D;PLCH2;ITPK1;PIK3CD;PIP4K2A;ITPKA;MTMR14;PLCG2;PLCB3;PLCG1;MTMR7;SYNJ2;INPPL1;MTM1;INPP5J,False
prerank,Melanogenesis,0.3385988192368623,1.4012724048287002,0.0273972602739726,0.09020118067807623,0.997,24/96,10.73%,PLCB2;ADCY3;ADCY6;ADCY9;WNT9A;ADCY4;CALML6;FZD2;ADCY7;ADCY2;HRAS;FZD9;PLCB3;CALML4;MAP2K2;TYR;ADCY5;WNT7A;PRKCA;EDNRB;DVL1;TYRP1;GNAO1;GNAI2,False
prerank,Fatty acid biosynthesis,-0.505543231544529,-1.514845600842701,0.05405405405405406,0.0903740959653438,0.813,13/17,32.69%,MECR;ACSL6;ACSL1;FASN;OLAH;MCAT;ACACA;ACSL3;ACSBG1;CBR4;OXSM;ACACB;ACSL5,False
prerank,Salmonella infection,0.3015586006102662,1.4015666240242073,0.006720430107526882,0.0909050489319567,0.997,48/241,11.19%,TNFRSF10B;BIRC3;CYTH2;GSDMD;BAX;IKBKB;MAPK11;TRADD;AKT1;RIPK3;ARPC1B;NOD1;CYTH1;EXOC7;TNF;PLEKHM2;FHOD1;STX10;PIK3CD;CYTH4;DNM2;CXCL8;ACTR3C;MLKL;NFKBIA;KLC1;HRAS;NCKAP1L;IRAK4;KLC2;DYNC1LI2;PTPRC;AKT2;CASP8;MYL5;RILP;VPS16;CASP7;MAP2K2;FLNA;IKBKG;TNFRSF1A;MYC;TNFRSF10A;RELA;RHOH;RRAS;RHOB,False
prerank,Glutamatergic synapse,0.33708563034775046,1.39549820869375,0.02346041055718475,0.09336378607508067,0.998,29/102,13.84%,PLA2G4E;SHANK3;PLA2G4B;PLD2;PLCB2;ADCY3;PLA2G4F;GRIK5;GRIN3B;ADCY6;ADCY9;JMJD7-PLA2G4B;ADCY4;GRIN1;ADCY7;ADCY2;PLCB3;GNB5;ADCY5;GRIN2C;PRKCA;GLS2;HOMER3;GNAO1;GNAI2;GNG2;GNG4;GLUL;CACNA1C,False
prerank,Hepatocellular carcinoma,-0.3097264653828465,-1.5153962580647322,0.003367003367003367,0.09493160928312926,0.811,44/161,13.44%,BRAF;SMAD4;CCND1;GSK3B;LRP6;WNT3;EGFR;PIK3CA;TGFB2;SMAD2;NFE2L2;MAPK1;SMARCC1;TERC;WNT9B;APC;PIK3R1;MET;TXNRD1;GSTO2;NQO1;ARID2;PIK3CB;SMARCA2;ARID1B;SMARCE1;GSTM3;GSTT2B;GSTM5;HGF;FZD8;POLK;KRAS;TXNRD3;WNT5B;TGFA;NRAS;PTEN;MGST1;GAB1;FZD6;TGFB3;SOS1;PBRM1,False
prerank,Choline metabolism in cancer,0.3381264871324552,1.3904530319406863,0.02785923753665689,0.09510699659687374,0.998,23/94,10.21%,PLA2G4E;DGKQ;PLA2G4B;SLC22A3;PLD2;RALGDS;AKT1;PLA2G4F;DGKZ;JMJD7-PLA2G4B;PIK3CD;RPS6KB2;DGKD;TSC2;HRAS;SLC22A5;AKT2;MAP2K2;PLCG1;PRKCA;DGKA;DGKE;WAS,False
prerank,"Growth hormone synthesis, secretion and action",0.33242653884900997,1.3912509057535032,0.03714710252600297,0.09532997001993945,0.998,30/106,14.35%,SOCS3;SOCS1;BCAR1;PLCB2;MAPK11;AKT1;ADCY3;ADCY6;ADCY9;PIK3CD;ATF4;PLCG2;ADCY4;ADCY7;ADCY2;HRAS;PLCB3;AKT2;STAT3;MAP2K2;PLCG1;ADCY5;ATF6B;PRKCA;SHC2;GNAI2;IGFALS;STAT5A;CACNA1C;IGFBP3,False
prerank,Purine metabolism,0.3317106952795261,1.3886853738751679,0.021897810218978103,0.09553005828355807,0.998,25/115,13.55%,PDE4B;NME3;IMPDH1;ADCY3;PNP;GDA;ADCY6;ENTPD6;ADCY9;ENTPD4;PDE6D;ADCY4;GUCY2C;ADCY7;ADCY2;PDE4A;PFAS;ADCY5;AMPD3;ITPA;NT5C3A;NME2;NUDT16;PAPSS2;AK1,False
prerank,Calcium signaling pathway,0.2994473715386669,1.3851366659687638,0.00535475234270415,0.09709446832702434,0.998,52/215,16.21%,TPCN2;HRH1;MST1;LTB4R2;SPHK1;NTRK2;PHKG2;RET;FGFR3;PLCB2;MCOLN1;ADCY3;CXCR4;PTAFR;MCOLN2;ADCY9;NTRK1;ITPKA;TPCN1;PLCG2;ADCY4;GRIN1;CALML6;PHKA1;HRH2;ADCY7;ADCY2;PLCB3;CALML4;MST1R;PLCG1;RYR3;GRIN2C;PRKCA;NTRK3;FLT1;GDNF;EDNRB;ATP2A1;GNA15;MCOLN3;CAMK4;NTSR1;NOS3;HTR6;P2RX2;CACNA1C;P2RX4;AVPR1A;SLC25A4;OXTR;CAMK2G,False
prerank,Pyruvate metabolism,-0.3917562858094621,-1.517734027426169,0.018666666666666668,0.09863002802354467,0.805,25/45,27.50%,ADH6;ME1;ADH1C;ALDH3A2;LDHB;DLD;ACAT1;LDHD;ACYP2;ALDH9A1;ACSS2;ACAT2;PKLR;LDHAL6A;MDH2;GLO1;ACACA;ALDH2;PDHB;DLAT;ADH5;MDH1;LDHA;FH;PDHA1,False
prerank,Serotonergic synapse,0.3327155445815113,1.3785442417902496,0.04046242774566474,0.10119507953227967,0.998,29/97,15.85%,ALOX15;HTR3A;PLA2G4E;PLA2G4B;CYP4X1;PLCB2;PLA2G4F;ARAF;JMJD7-PLA2G4B;HRAS;PLCB3;CYP2D7;ALOX5;RAPGEF3;GNB5;ADCY5;PRKCA;KCNN2;GNAO1;GNAI2;DUSP1;GNG2;GNG4;HTR6;CACNA1C;HTR3B;KCNJ9;GNB3;MAOB,False
prerank,Signaling pathways regulating pluripotency of stem cells,-0.31707458322727405,-1.4847716293659323,0.0031645569620253164,0.1036431720561094,0.873,30/129,10.05%,ACVR2A;LIF;SMAD4;GSK3B;HOXA1;FGFR2;MAPK13;REST;WNT3;BMPR2;PIK3CA;SMAD2;ACVR1B;KAT6A;MAPK1;WNT9B;APC;PIK3R1;SMAD9;MAPK14;RIF1;SMAD5;PIK3CB;BMPR1A;SKIL;FZD8;ID4;KRAS;WNT5B;PCGF5,False
prerank,Spinocerebellar ataxia,-0.3127557286144945,-1.4865755131326923,0.006042296072507553,0.10713804961024023,0.869,35/132,15.24%,ATXN3;PUM2;SP1;RYR1;GRIA1;PIK3CA;GRIN2A;PIK3R1;PIK3C3;MAPK10;PUM1;RORA;PIK3CB;ATP2A2;NFYA;MCU;OMA1;ATG14;RBPJ;OPA1;PSMD14;ATXN1L;PDYN;PSMD12;SPTBN2;GRM1;PIK3R4;GRIA3;MAP3K5;VLDLR;PSMB2;AFG3L2;ITPR2;RB1CC1;ATXN10,False
prerank,MAPK signaling pathway,0.291449623938189,1.3684904503609745,0.01568627450980392,0.10734963574555201,0.998,70/272,14.36%,CSF1;IKBKB;PLA2G4E;RELB;NTRK2;NFKB2;CACNB1;PLA2G4B;FGFR3;MKNK1;CDC25B;MAPK11;MAP4K1;TRADD;AKT1;PLA2G4F;TNF;ARAF;MAP3K3;JMJD7-PLA2G4B;MAP3K6;MAPK8IP3;RASGRP2;NTRK1;ATF4;NTF4;SRF;PTPN7;ARRB2;MAP3K14;PTPRR;DUSP8;TGFB1;HRAS;IRAK4;MAP3K11;AKT2;RPS6KA4;RASGRP4;JUND;MAP2K2;FLNA;FLT3;IKBKG;MECOM;TNFRSF1A;PRKCA;FLT1;NR4A1;RPS6KA1;FASLG;FLT3LG;MYC;RELA;PGF;RRAS;GNA12;DUSP1;DUSP9;GADD45A;MAP4K4;MAP4K2;RAC3;CACNA1C;ARRB1;MAPT;RAC2;EPHA2;TAOK2;MAPK7,False
prerank,Epithelial cell signaling in Helicobacter pylori infection,0.3564865603136574,1.3687019755035292,0.05521472392638037,0.10822359323397565,0.998,14/68,7.80%,ATP6V1C2;TCIRG1;IKBKB;MAPK11;LYN;NOD1;CXCL1;MAP3K14;PLCG2;CXCL8;NFKBIA;ATP6V0A2;IKBKG;PLCG1,False
prerank,Synthesis and degradation of ketone bodies,-0.5725206913027401,-1.4727394073457714,0.08240534521158129,0.10863140605621414,0.889,8/10,24.09%,HMGCL;HMGCLL1;ACAT1;HMGCS1;ACAT2;OXCT2;OXCT1;HMGCS2,False
prerank,Rap1 signaling pathway,0.29789990938201105,1.3626832146566432,0.014965986394557823,0.11130537335534609,0.998,42/194,10.85%,CSF1;EVL;BCAR1;FGFR3;PLCB2;RALGDS;MAPK11;ARAP3;VAV1;AKT1;ADCY3;ADCY6;PRKCZ;ADCY9;RASGRP2;PIK3CD;ADCY4;GRIN1;CALML6;RGS14;ADCY7;ADCY2;HRAS;ITGAM;PLCB3;LAT;AKT2;CALML4;RAPGEF3;MAP2K2;PLCG1;LCP2;ADCY5;PRKCA;FLT1;P2RY1;VAV2;PGF;GNAO1;ITGB3;GNAI2;RRAS,False
prerank,Non-alcoholic fatty liver disease,0.31119358254195434,1.3599713637464597,0.025210084033613446,0.11149190662658968,0.998,23/146,10.17%,SOCS3;CYP2E1;BAX;IKBKB;SREBF1;MAPK11;AKT1;NDUFA11;TNF;COX6B2;PIK3CD;ATF4;CXCL8;TGFB1;BCL2L11;MAP3K11;AKT2;CASP8;CASP7;NDUFV1;TNFRSF1A;FASLG;RELA,False
prerank,GnRH secretion,0.3530514815925079,1.3612852763894134,0.05683563748079877,0.11155332525811848,0.998,17/61,15.07%,PLCB2;AKT1;HCN3;PIK3CD;ARRB2;GABBR1;HRAS;PLCB3;AKT2;MAP2K2;PRKCA;KCNN2;GPER1;KCNN4;CACNA1C;ARRB1;KCNJ9,False
prerank,Cortisol synthesis and secretion,0.36090586792295665,1.3577800292529294,0.06010016694490818,0.11238474782769135,0.998,13/58,8.85%,PLCB2;ADCY3;ADCY6;ADCY9;ATF4;ADCY4;LDLR;ADCY7;ADCY2;PLCB3;ADCY5;ATF6B;NR4A1,False
prerank,Leukocyte transendothelial migration,0.32631779277729966,1.352868865326995,0.05373134328358209,0.11536536851470233,0.998,28/103,13.95%,NCF2;ITK;BCAR1;MAPK11;VAV1;CXCR4;MSN;MMP9;VCAM1;CYBA;PIK3CD;PLCG2;ITGAM;CLDN17;ESAM;MYL5;RAPGEF3;PLCG1;PRKCA;NCF4;VAV2;CLDN7;RHOH;GNAI2;ITGB2;THY1;ITGAL;RAC2,False
prerank,Base excision repair,0.4109270717352177,1.3479772775784657,0.07718120805369127,0.11626233592859782,0.999,16/33,28.80%,MUTYH;PARP3;NEIL1;POLE;PARP2;LIG1;PARP4;POLB;POLE4;PCNA;POLD1;MPG;NTHL1;POLD4;OGG1;SMUG1,False
prerank,Proximal tubule bicarbonate reclamation,0.4489866084652415,1.3481450944490014,0.11149228130360206,0.11715344556233985,0.999,6/22,11.66%,SLC9A3;GLUD2;GLS2;CA4;SLC25A10;CA2,False
prerank,Aldosterone synthesis and secretion,0.3289497114410286,1.3490046925897987,0.05246913580246913,0.11749532886407778,0.999,31/90,25.77%,PLCB2;ADCY3;ADCY6;ADCY9;ATF4;ADCY4;CALML6;LDLR;ADCY7;ADCY2;PLCB3;CALML4;ADCY5;ATF6B;PRKCA;NR4A1;LIPE;CAMK4;CACNA1C;CAMK2G;NR4A2;PLCB4;PRKD1;PDE2A;ATP1A3;ITPR1;CACNA1D;GNA11;CREB5;DAGLA;CAMK1,False
prerank,Mitophagy,-0.3448659637536378,-1.4473434843087485,0.018691588785046728,0.12036014537978633,0.925,21/65,12.13%,SP1;FOXO3;HIF1A;BNIP3L;USP30;USP8;MAPK10;CSNK2A1;RHOT1;EIF2AK3;TBC1D15;FUNDC1;TAX1BP1;BCL2L13;KRAS;RPS27A;CSNK2A2;NRAS;GABARAPL1;UBC;CALCOCO2,False
prerank,Bladder cancer,0.3794249819208459,1.3404508538107582,0.08631921824104234,0.1217842075917139,1.0,12/40,10.03%,TYMP;FGFR3;CDKN2A;MMP1;MMP9;ARAF;CXCL8;DAPK3;HRAS;RASSF1;MAP2K2;MYC,False
prerank,Ubiquinone and other terpenoid-quinone biosynthesis,-0.5621069331515238,-1.4513468229952606,0.05922551252847381,0.12186953143164825,0.92,4/10,12.21%,VKORC1L1;NQO1;GGCX;COQ5,False
prerank,p53 signaling pathway,0.34496713661616785,1.335857415208412,0.07379518072289157,0.12457139083454753,1.0,20/72,16.02%,TNFRSF10B;BAX;DDB2;CCND3;CDKN2A;SERPINE1;PIDD1;TSC2;SIVA1;CASP8;SESN2;TP73;RPRM;TNFRSF10A;GADD45A;TP53AIP1;IGFBP3;CCNB2;STEAP3;GTSE1,False
prerank,Prostate cancer,-0.31718932950405404,-1.414611185394531,0.015527950310559006,0.1363984413105159,0.963,21/93,11.65%,BRAF;CCND1;GSK3B;MDM2;FOXO1;FGFR2;EGF;EGFR;PIK3CA;AR;MAPK1;PIK3R1;PIK3CB;ETV5;CREB3L1;IL1R2;KRAS;PDGFD;TGFA;NRAS;PTEN,False
prerank,AGE-RAGE signaling pathway in diabetic complications,0.3181543365912531,1.3211939377381448,0.058394160583941604,0.1372953102095777,1.0,28/99,13.71%,BAX;COL4A4;PLCB2;MAPK11;AKT1;SERPINE1;TNF;CCL2;PRKCZ;VCAM1;PIK3CD;PLCG2;CXCL8;TGFB1;HRAS;PLCB3;COL4A3;AKT2;STAT3;PLCG1;PRKCA;AGER;RELA;PIM1;COL4A2;THBD;NOS3;STAT5A,False
prerank,Adherens junction,-0.33976600801905726,-1.4163640694559883,0.024930747922437674,0.1400497380526016,0.963,14/66,9.39%,SMAD4;CTNND1;EGFR;MAPK1;PARD3;IQGAP1;CSNK2A1;WASF2;MET;PTPRF;WASL;MAP3K7;CSNK2A2;FER,False
prerank,RIG-I-like receptor signaling pathway,0.350377540764034,1.3150476748638602,0.08628659476117104,0.14174853215633051,1.0,16/55,12.07%,IRF3;IKBKB;MAPK11;TRADD;IRF7;TNF;TRAF3;CXCL8;NFKBIA;OTUD5;CASP8;IKBKG;RELA;TBKBP1;IFNE;DHX58,False
prerank,Colorectal cancer,-0.3191951115183452,-1.4038215766857614,0.03197674418604651,0.14202854426525863,0.973,25/86,13.63%,BRAF;SMAD4;CCND1;GSK3B;EGF;EGFR;PIK3CA;TGFB2;SMAD2;APPL1;MAPK1;APC;PIK3R1;MAPK10;PIK3CB;MSH2;POLK;DCC;KRAS;TGFA;NRAS;TGFB3;SOS1;MSH3;CASP3,False
prerank,Small cell lung cancer,0.3212313415961548,1.313301047472664,0.0713224368499257,0.14225584288069443,1.0,32/92,22.03%,BIRC3;BAX;IKBKB;COL4A4;DDB2;AKT1;TRAF1;PIK3CD;TRAF3;ZBTB17;NFKBIA;COL4A3;AKT2;TRAF5;TRAF4;IKBKG;MYC;RELA;COL4A2;GADD45A;BIRC7;LAMA2;LAMA3;E2F1;CASP9;TRAF2;LAMA4;CCNE1;RXRG;COL4A1;LAMB2;RXRB,False
prerank,Lysine degradation,-0.3413683771252507,-1.419537752691679,0.03804347826086957,0.14227302764418664,0.961,21/55,15.39%,ASH1L;SETD7;SETD2;PRDM6;PLOD1;HADH;ALDH3A2;KMT2E;HADHA;NSD1;DLD;ACAT1;TMLHE;KMT2A;SMYD3;SETMAR;ALDH9A1;KMT2C;ACAT2;SETDB2;SUV39H2,False
prerank,Neurotrophin signaling pathway,0.30695870634213196,1.3097508660410921,0.06349206349206349,0.1447686648057158,1.0,31/117,10.88%,BAX;IKBKB;SH2B3;MATK;NTRK2;MAPK11;SH2B1;AKT1;MAP3K3;NTRK1;PIK3CD;ATF4;NTF4;PLCG2;CALML6;NFKBIA;HRAS;IRAK4;AKT2;IRAK2;CALML4;NFKBIE;MAP2K2;TP73;PLCG1;NTRK3;RPS6KA1;FASLG;RELA;SHC2;IRAK3,False
prerank,Other types of O-glycan biosynthesis,0.36766688108766965,1.306350457506478,0.10443037974683544,0.14698244922548437,1.0,13/44,10.46%,GALNT6;ST6GAL1;PLOD3;POFUT2;POMT1;GALNT18;RFNG;GALNT15;COLGALT1;POGLUT1;OGT;POMT2;MFNG,False
prerank,TGF-beta signaling pathway,-0.3173555797704942,-1.3923520661992985,0.036585365853658534,0.14876433300292474,0.98,26/87,17.96%,ACVR2A;SMAD4;RGMB;GDF7;SP1;ZFYVE9;BMPR2;TGFB2;SMAD2;ACVR1B;MAPK1;SMAD9;SMAD5;BMPR1A;NEO1;ID4;PPP2CB;DCN;BMP5;TGFB3;GREM1;NOG;PPP2CA;BMP7;ROCK1;SMAD3,False
prerank,Hepatitis C,0.29937793264395374,1.2987583558222058,0.06502890173410404,0.1519672225705092,1.0,30/140,10.53%,SOCS3;TYK2;IRF3;BAX;IKBKB;IRF9;TRADD;AKT1;IRF7;TNF;ARAF;STAT2;PIK3CD;YWHAH;TRAF3;NFKBIA;LDLR;HRAS;CLDN17;AKT2;CASP8;STAT3;PPP2R2D;MAP2K2;IKBKG;TNFRSF1A;FASLG;MYC;RELA;CLDN7,False
prerank,Cholinergic synapse,0.3104415951145437,1.2968814749118256,0.08217054263565891,0.15263007997213848,1.0,30/101,16.21%,PLCB2;PIK3R5;AKT1;ADCY3;ADCY6;ADCY9;PIK3CD;ATF4;ADCY4;ADCY7;ADCY2;HRAS;PLCB3;AKT2;GNB5;CHRNA6;ADCY5;ACHE;PRKCA;KCNQ1;GNAO1;GNAI2;GNG2;GNG4;CAMK4;CACNA1C;KCNQ4;KCNQ5;GNB3;CAMK2G,False
prerank,Proteasome,0.3672389473287959,1.298962000240694,0.09539473684210527,0.1529171117807088,1.0,7/43,10.26%,PSMB9;PSME2;PSMB10;PSMB8;PSMD9;PSMA6;PSME1,False
prerank,Hippo signaling pathway,-0.278456930495515,-1.3643257292705973,0.01486988847583643,0.1542787914387459,0.988,30/155,7.39%,RASSF6;PARD6B;TEAD1;SMAD4;CCND1;TP53BP2;GSK3B;AMOT;GDF7;MOB1B;WNT3;BMPR2;TGFB2;LATS1;AJUBA;FRMD6;SMAD2;DLG3;WNT9B;APC;WWTR1;PARD3;PPP2R2A;PPP1CB;DLG2;BMPR1A;DLG1;YWHAB;SAV1;FZD8,False
prerank,FoxO signaling pathway,-0.28945945996751554,-1.375435246109333,0.006557377049180328,0.15565543659825987,0.984,32/126,12.85%,BRAF;SMAD4;CCND1;MDM2;FOXO1;MAPK13;EGF;EGFR;FOXO3;PIK3CA;TGFB2;SETD7;MAPK1;PIK3R1;MAPK10;FOXO6;MAPK14;PIK3CB;SIRT1;USP7;ATG12;KRAS;RAG2;RBL2;CCNG2;NRAS;SGK3;GRM1;PTEN;GABARAPL1;TGFB3;SOS1,False
prerank,Regulation of lipolysis in adipocytes,0.3536308055096683,1.292345989446325,0.10747663551401869,0.15625199632087755,1.0,14/49,12.24%,AQP7;AKT1;ADCY3;ADCY6;ADCY9;PIK3CD;PNPLA2;ADCY4;ADCY7;ADCY2;AKT2;ADCY5;GNAI2;LIPE,False
prerank,Phenylalanine metabolism,0.47520071018821813,1.2907041442871914,0.16151202749140894,0.15673830535848185,1.0,4/14,16.26%,IL4I1;ALDH3B1;MAOB;MIF,False
prerank,RNA degradation,-0.32180916791668135,-1.370179730164632,0.0446927374301676,0.15678249880129536,0.987,20/72,13.79%,XRN1;CNOT6L;TOB1;CNOT1;DIS3L;DCP1A;CNOT7;DDX6;DCP2;DHX36;TTC37;BTG1;EDC3;DIS3;CNOT4;CNOT2;ZCCHC7;PABPC1;TOB2;PNLDC1,False
prerank,Gastric cancer,-0.28599132773218994,-1.3658485049687679,0.03333333333333333,0.1568979274958267,0.987,31/134,12.85%,BRAF;SMAD4;CCND1;GSK3B;FGFR2;EGF;LRP6;WNT3;EGFR;PIK3CA;TGFB2;RXRA;SMAD2;MAPK1;TERC;WNT9B;APC;PIK3R1;MET;PIK3CB;HGF;FZD8;POLK;KRAS;WNT5B;NRAS;GAB1;JUP;FZD6;TGFB3;SOS1,False
prerank,Thyroid hormone signaling pathway,-0.2907440126598153,-1.3548197848202597,0.02476780185758514,0.1591052555363837,0.99,27/115,12.47%,CCND1;GSK3B;MDM2;FOXO1;MED13;NCOA1;HDAC2;PIK3CA;NOTCH2;HIF1A;NCOA2;RXRA;MED1;MAPK1;PIK3R1;PIK3CB;ATP2A2;THRB;TBC1D4;PRKACA;SIN3A;KRAS;NRAS;NCOR1;PLCE1;KAT2B;MED30,False
prerank,Melanoma,-0.32988648306020657,-1.3760640972190576,0.058355437665782495,0.15991421218864318,0.984,16/63,11.65%,BRAF;CCND1;MDM2;EGF;EGFR;PIK3CA;MAPK1;PIK3R1;MET;PIK3CB;HGF;POLK;KRAS;PDGFD;NRAS;PTEN,False
prerank,Insulin signaling pathway,0.29906278078552584,1.2864854634357177,0.07152875175315568,0.15992724982169523,1.0,24/130,8.44%,SOCS3;IKBKB;SOCS1;PHKG2;SREBF1;MKNK1;AKT1;EXOC7;ARAF;PRKCZ;PPP1R3C;PIK3CD;FLOT2;RPS6KB2;CALML6;PHKA1;TSC2;HRAS;PPP1R3E;AKT2;CALML4;MAP2K2;HK3;TRIP10,False
prerank,Apelin signaling pathway,0.3003740255522184,1.2838687768595622,0.07122507122507123,0.16021693427832576,1.0,31/128,13.37%,SPHK1;PLCB2;PIK3R5;AKT1;ADCY3;SERPINE1;ADCY6;ADCY9;MEF2B;RPS6KB2;ADCY4;CALML6;KLF2;ADCY7;ADCY2;HRAS;PLCB3;AKT2;CALML4;GABARAP;GNB5;MAP2K2;ADCY5;RYR3;GNAI2;RRAS;LIPE;GNG2;GNG4;CAMK4;NOS3,False
prerank,Collecting duct acid secretion,0.41962450902450577,1.284136598680363,0.16161616161616163,0.16113830856797856,1.0,5/23,11.66%,ATP6V1C2;TCIRG1;ATP6V0A2;SLC12A7;CA2,False
prerank,Cysteine and methionine metabolism,-0.3430592033210236,-1.3376364144787412,0.06036745406824147,0.1635673209886654,0.994,22/44,26.18%,AHCYL2;GCLM;PSAT1;TST;BHMT2;PHGDH;LDHB;GCLC;MAT2B;MTR;BCAT2;AHCYL1;DNMT3B;LDHAL6A;MDH2;ADI1;DNMT3A;ENOPH1;MTAP;MDH1;LDHA;SMS,False
prerank,Coronavirus disease,-0.2637557934098035,-1.3338055137562987,0.022388059701492536,0.1637794155438893,0.995,80/200,21.06%,IFNAR1;MAPK13;RPS17;EGFR;TAB2;PIK3CA;MAPK1;RPL8;PIK3R1;MAPK10;MAPK14;PIK3CB;EIF2AK2;RPS6;TRAF6;RPL9;MAP3K7;RPL21;RPLP1;RPS27A;RPS3A;RPL10A;RPS14;RPS8;RPL3;RPS16;RPL29;RPS20;RPL7;RPS15A;RPSA;RPL6;RPL24;RPL32;RPL34;RPL37A;RPS21;RPS11;RPL27;RPL18;RPS5;RPL39;RPS24;RPS2;RPL27A;RPL13A;RPS25;RPL13;TLR7;RPL31;RPL19;RPS18;RPLP2;RPL14;RPL23;RPL36;RPL37;RPS12;RPL35;RPS4X;RPS7;RPL35A;ISG15;RPL15;RPL12;RPL11;RPL38;RPS3;ACE2;RPS15;RPL4;RPL7A;RPS19;FAU;CFD;RPL22;RPL5;RPL10;RPS27;RPL41,False
prerank,Protein export,-0.41446335773623794,-1.3445932915562964,0.12590799031476999,0.1643351196565338,0.993,11/22,25.18%,SEC63;SRP68;IMMP2L;IMMP1L;SEC62;SRP72;SRP9;HSPA5;SRP54;SRP14;SRPRB,False
prerank,Endometrial cancer,-0.3306946993819604,-1.3398703300765726,0.06442577030812324,0.16550838484293998,0.994,16/58,12.85%,BRAF;CCND1;GSK3B;EGF;EGFR;FOXO3;PIK3CA;MAPK1;APC;PIK3R1;PIK3CB;POLK;KRAS;NRAS;PTEN;SOS1,False
prerank,Proteoglycans in cancer,-0.26435432948393983,-1.3283316739608666,0.007434944237918215,0.1657334936725409,0.995,48/197,13.64%,BRAF;ANK3;CCND1;MDM2;PPP1R12A;MAPK13;CAMK2D;SDC1;WNT3;EGFR;PIK3CA;TGFB2;HIF1A;FRS2;ERBB4;SMAD2;MAPK1;ARHGEF12;WNT9B;PIK3R1;IQGAP1;PPP1CB;MET;MAPK14;PIK3CB;PTK2;COL1A1;RPS6;HGF;FZD8;PRKACA;PTCH1;KRAS;ITGB5;ERBB3;COL1A2;ITGA2;WNT5B;NRAS;PTPN11;DCN;FLNB;PLCE1;GAB1;FZD6;SOS1;CASP3;ITPR2,False
prerank,Circadian entrainment,0.31432514970294095,1.2760317539852162,0.10477657935285054,0.16741129149930864,1.0,26/89,16.21%,PLCB2;ADCY3;ADCY6;ADCY9;ADCY4;GRIN1;CALML6;ADCY7;ADCY2;PLCB3;CALML4;GNB5;ADCY5;RYR3;GRIN2C;PRKCA;PER2;GNAO1;GNAI2;PER1;GNG2;GNG4;CACNA1C;KCNJ9;GNB3;CAMK2G,False
prerank,RNA transport,-0.26973279767574904,-1.319259770778561,0.02768166089965398,0.17151091135084673,0.996,67/171,24.25%,EIF4EBP2;UPF2;NUP155;SNORD3C;RPP14;RNU6-9;SNORD3A;RNU6-1;NMD3;SENP2;XPO5;RANBP2;FMR1;NUP160;GEMIN2;NUP35;EEF1A1;GEMIN5;RNU4-2;RNU4-1;NXT2;NUP133;NUP214;SNORD3B-1;EIF1AX;EIF2S1;RBM8A;GEMIN4;TPR;PABPC1;EIF4E;SNORD3B-2;SNUPN;NUP88;PRMT5;SEH1L;EIF3E;THOC7;PHAX;EIF3F;XPO1;RNU1-1;NUP37;EIF1;STRAP;NUP54;GLE1;SRRM1;KPNB1;NUP153;NUP58;UPF1;FXR1;EIF4B;EIF5B;NUP93;DDX19B;EIF3C;CLNS1A;NUP98;NUP188;SUMO3;EIF3H;EIF3D;NDC1;SUMO2;EIF3J,False
prerank,Longevity regulating pathway,0.30484542185720404,1.2704119213172342,0.09850746268656717,0.17245353423757995,1.0,22/97,10.77%,BAX;AKT1;ADCY3;STK11;AKT1S1;ADCY6;ADCY9;PIK3CD;ATF4;RPS6KB2;ADCY4;TSC2;ADCY7;ADCY2;HRAS;AKT2;SESN2;ADCY5;ATF6B;RELA;EHMT2;EHMT1,False
prerank,HIF-1 signaling pathway,0.3046896328039687,1.2604158432910655,0.08370044052863436,0.18300951017261322,1.0,22/102,10.17%,ENO3;MKNK1;AKT1;EGLN2;SERPINE1;PIK3CD;ENO2;PFKL;RPS6KB2;PLCG2;AKT2;STAT3;MAP2K2;LTBR;PLCG1;HK3;IFNGR2;PRKCA;FLT1;IFNGR1;LDHAL6B;RELA,False
prerank,Legionellosis,0.3355026426010943,1.2564752461038189,0.12241653418124006,0.1846272253281297,1.0,17/55,19.52%,NFKB2;TNF;CXCL1;CXCL8;NFKBIA;ITGAM;CASP8;HSF1;CASP7;RELA;ITGB2;CXCL2;CLK4;CLK1;NAIP;CASP9;HSPA6,False
prerank,Transcriptional misregulation in cancer,0.2859290317237291,1.2575009996304745,0.056100981767180924,0.1847635086517246,1.0,37/154,14.43%,BIRC3;DDX5;BAX;NR4A3;CDK9;DDB2;ASPSCR1;NFKBIZ;HMGA2;EWSR1;TRAF1;MMP9;NTRK1;CSF2;ZBTB17;LDB1;CXCL8;CD40;ITGAM;SPI1;DOT1L;FLT3;ITGB7;RARA;FLT1;TCF3;ZBTB16;PER2;MYC;RELA;MYCN;GADD45A;PML;ERG;SMAD1;IGFBP3;PAX8,False
prerank,Maturity onset diabetes of the young,-0.48049064343826575,-1.3036738281252638,0.1510791366906475,0.18645098469448304,0.998,7/12,32.31%,MAFA;HNF4A;PKLR;PAX6;NR5A2;MNX1;SLC2A2,False
prerank,Human papillomavirus infection,0.2648121342912035,1.2483250080919621,0.06080206985769728,0.1935049904770432,1.0,57/304,11.06%,IRF1;TYK2;IRF3;ATP6V1C2;COL6A6;TCIRG1;BAX;IKBKB;COMP;COL4A4;HLA-F;IRF9;SCRIB;TNC;CCND3;TRADD;AKT1;TNF;PRKCZ;STAT2;PIK3CD;WNT9A;RPS6KB2;TRAF3;FZD2;ITGA5;NOTCH1;TSC2;RFNG;HES6;HRAS;FZD9;ITGA10;COL4A3;AKT2;CASP8;AXIN1;ATP6V0A2;PPP2R2D;HES2;MAP2K2;THBS3;IKBKG;LLGL2;ITGB7;TNFRSF1A;WNT7A;HES4;DVL1;FASLG;TUBG2;RELA;MFNG;PPP2R5B;ITGB3;HEY1;COL4A2,False
prerank,Shigellosis,0.27063832481452554,1.2440574568904144,0.07055630936227951,0.19605962878893265,1.0,41/211,10.55%,CYTH2;IRF3;BAX;IKBKB;TECPR1;BCAR1;HCLS1;PLCB2;MAPK11;TRADD;AKT1;RNF31;ARPC1B;NOD1;AKT1S1;CAPN2;CYTH1;TNF;PIK3CD;CYTH4;RPS6KB2;CSF2;TNIP1;PLCG2;CXCL8;ACTR3C;ITGA5;NFKBIA;PLCB3;AKT2;TRAF5;GABARAP;MYL5;IKBKG;PLCG1;HK3;TNFRSF1A;CD44;RELA;UBE2V1;U2AF1L4,False
prerank,Non-small cell lung cancer,0.3144241748595957,1.2446447897357251,0.12654320987654322,0.19676521419614226,1.0,16/71,8.48%,BAX;DDB2;RET;JAK3;AKT1;CDKN2A;ARAF;PIK3CD;PLCG2;HRAS;AKT2;RASSF1;STAT3;MAP2K2;PLCG1;PRKCA,False
prerank,Insulin secretion,0.31521200090128265,1.2354912513317085,0.13960546282245828,0.2055229894518383,1.0,15/75,9.98%,PLCB2;ADCY3;ADCY6;ADCY9;ATF4;ADCY4;STX1A;ADCY7;ADCY2;PLCB3;TRPM4;ADCY5;ATF6B;PRKCA;KCNN2,False
prerank,Pathogenic Escherichia coli infection,0.2711997693074321,1.234230915349289,0.07650273224043716,0.2057257118686432,1.0,35/188,11.22%,TNFRSF10B;CYTH2;BAIAP2;BAX;IKBKB;MYO1G;HCLS1;MAPK11;TRADD;ARPC1B;CYTH1;TNF;MYO10;CYTH4;ARHGEF11;CXCL8;ACTR3C;MYO1F;NFKBIA;MYO1E;ARHGEF1;NCKAP1L;IRAK4;CLDN17;FCGR2A;CASP8;CASP7;IKBKG;TNFRSF1A;FASLG;PTPN6;TNFRSF10A;RELA;CLDN7;GNA12,False
prerank,Fluid shear stress and atherosclerosis,0.28295689722802403,1.2311548587482164,0.10869565217391304,0.20832318398612137,1.0,31/135,14.89%,NCF2;IKBKB;MAPK11;AKT1;GPC1;MMP9;TNF;CCL2;PRKCZ;VCAM1;CYBA;PIK3CD;CALML6;KLF2;AKT2;BMP4;CALML4;GSTM2;IKBKG;TNFRSF1A;RELA;ITGB3;CTSL;DUSP1;THBD;RAC3;NOS3;TRPV4;RAC2;MAPK7;ARHGEF2,False
prerank,Sulfur relay system,-0.5446448767115357,-1.282057676474203,0.18471337579617833,0.2084035590680475,0.998,2/8,5.67%,MOCS2;TST,False
prerank,PI3K-Akt signaling pathway,0.25654361567779227,1.2262323992239113,0.05674653215636822,0.21338899463575015,1.0,55/308,11.06%,CSF1;PKN3;COL6A6;IKBKB;IL4R;COMP;COL4A4;IL2RA;NTRK2;TNC;JAK3;FGFR3;PIK3R5;CCND3;AKT1;SGK1;OSMR;STK11;OSM;NTRK1;PIK3CD;ATF4;NTF4;YWHAH;RPS6KB2;CRTC2;IL2RG;ITGA5;TSC2;IL7R;HRAS;BCL2L11;ITGA10;COL4A3;AKT2;PPP2R2D;GNB5;MAP2K2;THBS3;FLT3;IKBKG;ATF6B;ITGB7;PRKCA;FLT1;NR4A1;CDC37;FASLG;FLT3LG;MYC;RELA;PGF;PPP2R5B;ITGB3;COL4A2,False
prerank,Amino sugar and nucleotide sugar metabolism,0.3391673691600412,1.225021115517547,0.1674565560821485,0.21353891177684586,1.0,15/45,22.82%,UAP1L1;AMDHD2;RENBP;GALK1;GALT;HK3;GMPPA;PMM2;CYB5R4;GFPT2;CHIT1;NAGK;GMPPB;GMDS;HEXA,False
prerank,Cholesterol metabolism,0.344666479911849,1.2181529991027715,0.1759581881533101,0.22114789639569746,1.0,13/41,18.23%,PCSK9;STARD3;LDLR;MYLIP;LRP2;LDLRAP1;LCAT;OSBPL5;PLTP;SOAT2;ANGPTL4;LPL;NPC1,False
prerank,Progesterone-mediated oocyte maturation,0.293217939920204,1.2115157724586174,0.1484149855907781,0.22866484806266776,1.0,22/94,11.24%,ANAPC2;ANAPC5;CDC25B;MAPK11;AKT1;ADCY3;ANAPC7;ARAF;ADCY6;ADCY9;MAD2L2;PIK3CD;ADCY4;PKMYT1;ADCY7;ADCY2;FZR1;AKT2;ADCY5;RPS6KA1;GNAI2;SPDYE6,False
prerank,Protein digestion and absorption,0.30309689143836904,1.20876408226966,0.13352272727272727,0.23091996831866765,1.0,32/87,28.28%,COL6A6;COL4A4;SLC9A3;COL27A1;DPP4;COL11A2;COL7A1;CPB1;COL16A1;COL4A3;SLC36A1;SLC1A5;KCNQ1;COL12A1;COL4A2;COL22A1;KCNN4;SLC3A2;COL5A3;PRSS3;ATP1A3;COL4A1;SLC7A7;KCNK5;SLC8A2;COL11A1;COL6A3;COL15A1;ATP1B2;COL4A5;COL9A3;COL9A2,False
prerank,Arginine biosynthesis,0.4144887787755293,1.2065163693921195,0.22036727879799667,0.23255518229234,1.0,5/19,13.51%,GPT2;GLUD2;GLS2;NOS3;GLUL,False
prerank,mTOR signaling pathway,0.2745236893199045,1.2038042152608426,0.10364963503649635,0.2332957562483185,1.0,26/146,9.36%,ATP6V1C2;TELO2;IKBKB;NPRL2;LPIN3;AKT1;SGK1;STK11;AKT1S1;TNF;PIK3CD;WNT9A;RPS6KB2;FZD2;TSC2;HRAS;FZD9;AKT2;SESN2;MAP2K2;TNFRSF1A;WNT7A;PRKCA;STRADA;RPS6KA1;DVL1,False
prerank,Oxytocin signaling pathway,0.27843693091307387,1.2044247356745736,0.12273361227336123,0.2340904966625869,1.0,40/140,19.66%,PLA2G4E;PPP1R12C;CACNB1;PLA2G4B;PLCB2;PIK3R5;ADCY3;PLA2G4F;ADCY6;ADCY9;JMJD7-PLA2G4B;ADCY4;CALML6;ADCY7;ADCY2;HRAS;PLCB3;CALML4;MAP2K2;ADCY5;RYR3;PRKCA;GNAO1;GNAI2;CAMK4;NOS3;CACNA1C;MAPK7;KCNJ9;OXTR;CAMK2G;PPP1R12B;TRPM2;CACNA2D4;CACNG8;NFATC4;NFATC1;CACNA2D3;PRKAB1;PLCB4,False
prerank,Estrogen signaling pathway,0.2771964544928633,1.201720707478683,0.11571428571428571,0.23490262195055414,1.0,26/132,10.73%,PLCB2;AKT1;ADCY3;MMP9;ADCY6;ADCY9;PIK3CD;ATF4;FKBP5;KRT16;ADCY4;CALML6;GABBR1;ADCY7;ADCY2;HRAS;PLCB3;AKT2;CALML4;MAP2K2;ADCY5;ATF6B;RARA;SHC2;GNAO1;GNAI2,False
prerank,Fructose and mannose metabolism,0.3631136959828736,1.1954791774015139,0.21087314662273476,0.24238354844657925,1.0,7/31,12.26%,TIGAR;AKR1B10;PFKL;HK3;GMPPA;ENOSF1;PMM2,False
prerank,Ribosome biogenesis in eukaryotes,-0.29015728240745553,-1.2492551123720441,0.109375,0.24712309077298053,1.0,27/77,22.79%,UTP14C;XRN1;SNORD3C;CSNK2A1;SNORD3A;NMD3;NAT10;RMRP;FBL;CSNK2A2;NXT2;NVL;SNORD3B-1;FBLL1;SNORD3B-2;DROSHA;TBL3;XPO1;WDR3;SPATA5;FCF1;SBDS;MDN1;NOP10;HEATR1;WDR36;UTP18,False
prerank,Renin-angiotensin system,-0.4102313398239097,-1.2497415185590433,0.14213197969543148,0.2517954240447724,1.0,9/19,23.29%,LNPEP;PREP;KLK1;PRCP;CPA3;ATP6AP2;ACE2;NLN;MME,False
prerank,Taurine and hypotaurine metabolism,0.49201069456357005,1.1786595056850895,0.2527075812274368,0.2661816410631085,1.0,2/10,5.13%,CSAD;GGT5,False
prerank,Insulin resistance,0.28329502195964107,1.1750797473725987,0.1827637444279346,0.2703726325849817,1.0,19/100,10.17%,SOCS3;IKBKB;SREBF1;AKT1;CPT1B;TNF;PRKCZ;PPP1R3C;PIK3CD;RPS6KB2;CRTC2;NFKBIA;PPP1R3E;AKT2;STAT3;OGT;TNFRSF1A;RPS6KA1;RELA,False
prerank,Hedgehog signaling pathway,-0.30857569100070703,-1.2291693667970178,0.14285714285714285,0.2742680433952257,1.0,13/49,14.22%,CSNK1G3;CCND1;GSK3B;DISP1;SPOP;CUL3;PRKACA;BOC;PTCH1;CDON;EFCAB7;FBXW11;BTRC,False
prerank,Pantothenate and CoA biosynthesis,-0.38844441020969955,-1.2215990437665905,0.16580310880829016,0.2757486452123344,1.0,5/20,9.79%,PANK1;PANK3;AASDHPPT;ALDH3A2;BCAT2,False
prerank,beta-Alanine metabolism,-0.3494625127684886,-1.2225891010539167,0.17839195979899497,0.2797799876402707,1.0,9/28,21.51%,ACOX1;ALDH3A2;ALDH6A1;CNDP1;HADHA;ALDH9A1;UPB1;ECHS1;ALDH2,False
prerank,Mucin type O-glycan biosynthesis,0.3422288649967882,1.1661383438357118,0.2247191011235955,0.28275780983577364,1.0,6/33,9.23%,GALNT6;B3GNT6;GALNT18;GALNT15;ST6GALNAC1;ST3GAL2,False
prerank,Glutathione metabolism,-0.29901184612984827,-1.1889150476139965,0.16526610644257703,0.2945396044536982,1.0,20/51,21.93%,GSR;GCLM;GSTO2;GSTM3;GSTT2B;GSTM5;GPX8;GCLC;MGST1;GPX7;PGD;HPGDS;PRDX6;GGT6;IDH1;GSTT2;G6PD;CHAC2;MGST2;RRM1,False
prerank,N-Glycan biosynthesis,-0.29758777419072785,-1.195063498059277,0.17534246575342466,0.29480469860072633,1.0,12/49,17.26%,ALG10;ALG9;MAN2A1;ALG10B;B4GALT1;ST6GAL2;STT3B;MGAT4A;B4GALT3;MAN1A2;MGAT2;GANAB,False
prerank,"Glycine, serine and threonine metabolism",-0.32712743898007984,-1.1916301123152877,0.1848101265822785,0.29503068795076576,1.0,9/36,9.66%,PSAT1;MAOA;PHGDH;SHMT1;ALAS1;GATM;DLD;SRR;DMGDH,False
prerank,Mismatch repair,-0.36292341565972813,-1.1974069459661139,0.2077922077922078,0.2965500354306083,1.0,6/23,13.22%,RFC1;RPA1;PMS2;MSH2;MLH3;MSH3,False
prerank,Basal transcription factors,-0.32135848535038436,-1.203620524589786,0.1746031746031746,0.2970393157446539,1.0,12/41,14.62%,GTF2A1;MNAT1;TAF7;TAF7L;TAF9B;GTF2E2;TAF2;GTF2E1;GTF2H5;GTF2F2;GTF2H3;TAF1,False
prerank,Glycerolipid metabolism,0.3098310699826015,1.1537659175490256,0.2087745839636914,0.2975258335550606,1.0,11/54,9.35%,AKR1B10;DGKQ;DGAT1;LPIN3;DGKZ;PNPLA2;DGKD;GLYCTK;GPAT4;DGKA;DGKE,False
prerank,Endocytosis,0.24807311560618442,1.152440062919667,0.1517150395778364,0.2979066558405545,1.0,34/241,7.08%,CYTH2;ACAP3;RAB11FIP3;PIP5KL1;ARFGAP1;IL2RA;RAB31;HLA-F;HGS;FGFR3;PLD2;ZFYVE27;ARAP3;VPS28;SH3GLB2;CXCR4;ARPC1B;CYTH1;AGAP3;PRKCZ;GRK5;RAB35;CYTH4;DNM2;ARRB2;ACTR3C;IL2RG;AGAP2;LDLR;HRAS;CLTCL1;CHMP4A;PSD;AGAP6,False
prerank,Prolactin signaling pathway,0.29821418983646136,1.155452647552462,0.22169811320754718,0.2985644816462279,1.0,15/67,10.61%,SOCS3;IRF1;SOCS1;MAPK11;AKT1;PIK3CD;CISH;TNFSF11;HRAS;AKT2;STAT3;MAP2K2;GALT;RELA;SHC2,False
prerank,Type II diabetes mellitus,0.3248627086349126,1.1543077311494754,0.24877250409165302,0.29860285548986015,1.0,6/44,3.57%,SOCS3;IKBKB;SOCS1;TNF;PRKCZ;PIK3CD,False
prerank,SNARE interactions in vesicular transport,-0.33488628974636875,-1.198811637724677,0.18298969072164947,0.29947145213170034,1.0,6/32,5.58%,STX19;BET1;GOSR1;STX17;VTI1B;SEC22B,False
prerank,Diabetic cardiomyopathy,-0.24468014268803281,-1.204974956709503,0.05442176870748299,0.30054113587136094,1.0,31/166,13.27%,NDUFS1;GSK3B;MAPK13;SP1;CAMK2D;PIK3CA;TGFB2;SMAD2;PIK3R1;GSR;MAPK10;PPP1CB;MAPK14;NDUFA4L2;NDUFC2;PIK3CB;SDHC;COL1A1;MPC2;ATP2A2;NDUFS4;TBC1D4;GFPT1;COL1A2;COL3A1;TNNI3;PTEN;UQCRB;TGFB3;PRKCD;MPC1,False
prerank,Chronic myeloid leukemia,0.2887612826187225,1.14455523092509,0.2222222222222222,0.3096106445880446,1.0,18/76,10.61%,BAX;IKBKB;DDB2;AKT1;CDKN2A;ARAF;PIK3CD;TGFB1;NFKBIA;HRAS;AKT2;MAP2K2;IKBKG;MECOM;CTBP1;MYC;RELA;SHC2,False
prerank,Sphingolipid signaling pathway,0.268307344133742,1.1401608070008118,0.21929824561403508,0.31283246928050656,1.0,30/114,14.39%,BAX;SPHK1;PLD2;PLCB2;MAPK11;TRADD;AKT1;TNF;PRKCZ;PIK3CD;HRAS;PLCB3;AKT2;PPP2R2D;MAP2K2;CERS2;TNFRSF1A;PRKCA;RELA;PPP2R5B;GNAI2;ACER2;ABCC1;GNA12;FCER1G;RAC3;NOS3;NSMAF;RAC2;S1PR4,False
prerank,Pancreatic cancer,0.2870487529079402,1.140784887098092,0.22767857142857142,0.31377728275104416,1.0,14/76,7.70%,BAX;IKBKB;DDB2;PLD2;RALGDS;AKT1;CDKN2A;ARAF;PIK3CD;RPS6KB2;TGFB1;AKT2;STAT3;IKBKG,False
prerank,Selenocompound metabolism,-0.40719779055244,-1.1716242510096646,0.2517162471395881,0.32093318854609265,1.0,6/14,11.09%,TXNRD1;SEPSECS;PAPSS1;TXNRD3;MTR;SEPHS2,False
prerank,Cell cycle,-0.25113959441757827,-1.1666580268713895,0.15492957746478872,0.3250488017307841,1.0,28/123,12.75%,SMAD4;ORC4;CCND1;GSK3B;MDM2;HDAC2;TGFB2;SMAD2;ORC5;ANAPC1;STAG2;SMC3;YWHAB;RAD21;PRKDC;TFDP2;CDC23;ORC3;CDKN2C;RBL2;ANAPC13;CDC27;STAG1;YWHAE;SMC1A;MCM6;CDC14A;TGFB3,False
prerank,Pentose phosphate pathway,-0.3385774794366682,-1.1630991615952322,0.22439024390243903,0.3262049180480879,1.0,14/27,30.18%,ALDOB;FBP1;H6PD;RPE;PGD;ALDOC;PGM1;PRPS2;G6PD;FBP2;ALDOA;TALDO1;GPI;RBKS,False
prerank,Glyoxylate and dicarboxylate metabolism,-0.33223395146478835,-1.145712665396495,0.2513089005235602,0.33894037319273196,1.0,12/28,20.12%,PCCA;CS;SHMT1;PCCB;DLD;ACAT1;ACSS2;ACAT2;HAO2;ACO1;MDH2;CAT,False
prerank,Amphetamine addiction,-0.2721443235776951,-1.1534496900235214,0.19121447028423771,0.33937552773596685,1.0,12/63,7.94%,CAMK2D;GRIA1;HDAC2;PPP3R1;GRIN2A;ATF2;PPP1CB;GRIA4;SIRT1;MAOA;CREB3L1;PRKACA,False
prerank,Long-term depression,0.3043364606657602,1.123236976979135,0.26391096979332274,0.34083607313837455,1.0,14/54,11.22%,PLA2G4E;PLA2G4B;PLCB2;PLA2G4F;LYN;ARAF;JMJD7-PLA2G4B;HRAS;PLCB3;MAP2K2;PRKCA;GNAO1;GNAI2;GNA12,False
prerank,Glycosylphosphatidylinositol (GPI)-anchor biosynthesis,-0.343527393941923,-1.1490046795490796,0.27906976744186046,0.34334283834834217,1.0,8/25,15.39%,GPLD1;PGAP1;PIGM;PIGP;PIGX;PIGN;PIGC;PIGV,False
prerank,Cushing syndrome,-0.24045239955428407,-1.146075074575004,0.1498371335504886,0.34376676468393874,1.0,24/145,8.68%,BRAF;CCND1;GSK3B;WDR5B;SP1;CAMK2D;WNT3;EGFR;RBBP5;KCNK2;RAP1A;MAPK1;GNAI1;USP8;WNT9B;APC;ATF2;ASH2L;GNAI3;FZD8;CREB3L1;ARNT;PRKACA;CDKN2C,False
prerank,Dopaminergic synapse,-0.24082436202591118,-1.131316333753158,0.1882716049382716,0.3458658924621359,1.0,21/119,9.84%,GSK3B;MAPK13;CAMK2D;GRIA1;GNB1;CLOCK;PPP2R5E;GRIN2A;GNAI1;ATF2;MAPK10;PPP2R2A;PPP1CB;MAPK14;GRIA4;MAOA;GNAI3;CREB3L1;PRKACA;GNG5;PPP2CB,False
prerank,Vitamin digestion and absorption,0.382214046210267,1.1180772442273712,0.29930795847750863,0.348155627852732,1.0,4/20,5.05%,FOLH1;SLC52A3;SLC5A6;SLC19A1,False
prerank,Tryptophan metabolism,-0.3027246411024906,-1.1324841601462974,0.23929471032745592,0.3488288850545174,1.0,14/38,21.51%,HADH;ALDH3A2;MAOA;HADHA;DLD;ACAT1;ALDH8A1;ALDH9A1;CYP1A2;ACAT2;IDO2;CAT;ECHS1;ALDH2,False
prerank,PPAR signaling pathway,-0.26985495523488745,-1.1336261857115386,0.22063037249283668,0.35220300643590774,1.0,23/67,20.55%,ME1;RXRA;ACOX1;FABP7;SCD5;SCP2;FABP2;ACSL6;HMGCS1;CPT1C;UBC;ACSL1;ACADM;SLC27A2;PLIN2;ACOX2;PPARA;FADS2;ACSL3;CPT1A;CPT2;PPARG;SLC27A4,False
prerank,Breast cancer,-0.23747266270858575,-1.1353539843179472,0.1696969696969697,0.3542941072543045,1.0,29/134,14.72%,BRAF;CCND1;GSK3B;EGF;LRP6;SP1;NCOA1;WNT3;EGFR;PIK3CA;NOTCH2;MAPK1;WNT9B;APC;PIK3R1;PIK3CB;FZD8;POLK;KRAS;WNT5B;NRAS;PTEN;FZD6;PGR;SOS1;JAG2;JAG1;WNT2B;CDK6,False
prerank,Vasopressin-regulated water reabsorption,-0.29733541189330964,-1.1209574910014282,0.2587601078167116,0.360631679706649,1.0,19/39,24.28%,NSF;RAB5B;DCTN4;DYNC1I2;DYNC1H1;CREB3L1;PRKACA;RAB11A;VAMP2;DYNC1I1;DYNC2H1;DCTN1;DCTN6;GNAS;AQP4;DCTN5;RAB11B;CREB1;DYNLL1,False
prerank,Amyotrophic lateral sclerosis,-0.20803765829401497,-1.1137141284685341,0.14351851851851852,0.3641973430952468,1.0,85/319,23.02%,VAPB;NDUFS1;ATF6;PFN2;UBQLN1;MAPK13;NUP155;GRIA1;TANK;UBQLN2;PPP3R1;NRG4;ERBB4;DCTN4;GRIN2A;PIK3C3;MAPK14;NDUFA4L2;NDUFC2;EIF2AK3;SDHC;RANBP2;NDUFS4;HNRNPA3;MCU;GPX8;ATG14;NUP160;NUP35;PSMD14;CHMP2B;NRG2;NXT2;PSMD12;NUP133;GABARAPL1;NUP214;PIK3R4;UQCRB;MATR3;GPX7;DNAL1;WDR41;MAP3K5;EIF2S1;PSMB2;TPR;CASP3;UQCR10;NUP88;RB1CC1;SEH1L;DCTN1;DNAH14;NUP37;DNAL4;DCTN6;NUP54;GLE1;NUP153;KLC3;CASP12;SPG11;NEFM;ATG2B;NUP58;GABARAPL2;CAT;ITPR3;C9orf72;HSPA5;APAF1;SDHD;NUP93;ANG;OPTN;TUBA3E;UQCRHL;NUP98;NUP188;BCL2;PSMD7;TOMM40L;KIF5B;DCTN5,False
prerank,Alcoholism,0.26709858947699777,1.1079247107222612,0.25925925925925924,0.364756766790311,1.0,22/97,12.66%,NTRK2;HDAC6;GRIN3B;ARAF;ATF4;CAMKK1;HDAC10;GRIN1;CALML6;HRAS;HDAC7;CALML4;GNB5;ADCY5;ATF6B;GRIN2C;SHC2;GNAO1;GNAI2;GNG2;GNG4;CAMK4,False
prerank,mRNA surveillance pathway,-0.2500134874892413,-1.1153470188393897,0.21069182389937108,0.36620114169208573,1.0,34/91,21.83%,UPF2;GSPT2;PAPOLG;PPP2R5E;PPP2R2A;PPP1CB;CSTF2T;GSPT1;PELO;RNGTT;SMG7;HBS1L;RNMT;PPP2CB;CPSF3;NXT2;CPSF2;NUDT21;RBM8A;PABPC1;PPP2R5A;ETF1;PPP2CA;PAPOLA;WDR82;GLE1;SRRM1;PPP1CC;PPP2R5C;UPF1;SMG1;PPP2R1B;PPP2R3A;DDX19B,False
prerank,Dilated cardiomyopathy,0.27496697758545363,1.1018568006189886,0.2821270310192024,0.3697888500276456,1.0,32/85,26.62%,CACNB1;ADCY3;TNF;ADCY6;ADCY9;ADCY4;TGFB1;ITGA5;ADCY7;ADCY2;ITGA10;ADCY5;ITGB7;ITGB3;ATP2A1;CACNA1C;SGCD;LAMA2;CACNA2D4;CACNG8;CACNA2D3;MYBPC3;ITGB6;CACNB3;TTN;CACNA1D;ATP2A3;SLC8A2;ITGA7;ITGA4;TPM2;RYR2,False
prerank,Pentose and glucuronate interconversions,0.3613418117302899,1.103629011134579,0.3376413570274637,0.37084268275953425,1.0,4/22,9.34%,AKR1B10;UGT1A7;GUSB;UGT1A1,False
prerank,AMPK signaling pathway,-0.2387116458904967,-1.0975364640947276,0.2765273311897106,0.37094974117992585,1.0,22/114,13.41%,RAB14;CCND1;FOXO1;FOXO3;PIK3CA;PPP2R5E;PIK3R1;SCD5;PPP2R2A;PIK3CB;SIRT1;CREB3L1;FBP1;MAP3K7;RAB2A;PPP2CB;ELAVL1;CPT1C;FASN;HNF4A;CAB39L;PPP2R5A,False
prerank,Drug metabolism,0.27008416228379195,1.10237043286425,0.2576419213973799,0.3711279297859599,1.0,15/91,10.91%,CYP2E1;UCKL1;TYMP;NME3;IMPDH1;GSTK1;UPP1;UGT1A7;CYP2D7;GSTM2;GUSB;ITPA;UGT1A1;NME2;ALDH3B1,False
prerank,Wnt signaling pathway,-0.22580360994001508,-1.0998286113240678,0.21666666666666667,0.37145306858310273,1.0,35/155,15.44%,SMAD4;CCND1;GSK3B;DAAM1;LRP6;CAMK2D;CHD8;WNT3;SFRP4;TBL1XR1;PPP3R1;WNT9B;APC;MAPK10;CSNK2A1;SFRP2;SENP2;PSEN1;FZD8;PRKACA;MAP3K7;CSNK2A2;WNT5B;DKK2;SFRP5;RYK;CBY1;FZD6;FBXW11;NFATC3;BTRC;WNT2B;ZNRF3;WIF1;GPC4,False
prerank,Thermogenesis,-0.22078925784924047,-1.1029980426003383,0.20689655172413793,0.37499630329878314,1.0,35/191,14.09%,NDUFS1;RPS6KA6;MAPK13;FRS2;PRKG2;SMARCC1;ATF2;MAPK14;KDM3B;NDUFA4L2;RPS6KA3;NDUFC2;SMARCA2;COX18;ARID1B;SDHC;SMARCE1;NDUFS4;RPS6;CREB3L1;PRKACA;COX16;KRAS;COX15;KDM3A;ACSL6;NRAS;CPT1C;UQCRB;ACSL1;MAP3K5;MGLL;SOS1;PRKG1;UQCR10,False
prerank,Tight junction,-0.22547300329838246,-1.1002798513674141,0.20392156862745098,0.37551843222374043,1.0,38/158,17.19%,PARD6B;CCND1;CLDN1;MAP3K1;AMOT;MAGI1;RAP1A;DLG3;CLDN23;PARD3;MAPK10;PPP2R2A;DLG2;CLDN8;AMOTL1;DLG1;MYH14;TJP3;OCLN;RAB8B;PRKACA;PARD6G;RAP2C;MARVELD2;PPP2CB;RAPGEF6;CGNL1;ACTR3;MAP3K5;CLDN3;AMOTL2;PPP2CA;ACTR2;EPB41L4B;F11R;RAPGEF2;ROCK1;NF2,False
prerank,Long-term potentiation,-0.2660662486826502,-1.104552856488755,0.25815217391304346,0.3770691257202157,1.0,14/63,11.52%,BRAF;RPS6KA6;CAMK2D;GRIA1;PPP3R1;RAP1A;GRIN2A;MAPK1;PPP1CB;RPS6KA3;PRKACA;KRAS;NRAS;GRM1,False
prerank,cAMP signaling pathway,0.24105558661051907,1.0954613805510873,0.24561403508771928,0.37969406610696116,1.0,40/194,13.95%,PDE4B;PLD2;ARAP3;VAV1;AKT1;ADCY3;GIPR;GRIN3B;ADCY6;ADCY9;PIK3CD;EDN2;ADCY4;ABCC4;GRIN1;CALML6;NFKBIA;GABBR1;ADCY7;ADCY2;AKT2;CALML4;PDE4A;RAPGEF3;MAP2K2;HCAR1;ADCY5;CNGB1;GRIN2C;VAV2;RELA;GNAI2;RRAS;ATP2A1;LIPE;CAMK4;RAC3;HTR6;CACNA1C;RAC2,False
prerank,Tyrosine metabolism,0.32285217544938394,1.0913998544157084,0.31125827814569534,0.3850273727218229,1.0,9/34,16.26%,IL4I1;TYR;TYRP1;ALDH3B1;FAH;DCT;TPO;MAOB;MIF,False
prerank,Adrenergic signaling in cardiomyocytes,0.252200151184039,1.0866115228021094,0.26995645863570394,0.39178502532889103,1.0,25/135,10.96%,CACNB1;PLCB2;PIK3R5;MAPK11;AKT1;ADCY3;ADCY6;ADCY9;ATF4;ADCY4;CALML6;ADCY7;ADCY2;PLCB3;AKT2;CALML4;RAPGEF3;PPP2R2D;ADCY5;ATF6B;PRKCA;PPP2R5B;KCNQ1;GNAI2;ATP2A1,False
prerank,MicroRNAs in cancer,0.2370593054835275,1.0844773672020795,0.28610354223433243,0.3932769570023819,1.0,42/200,14.57%,IKBKB;SOCS1;EZH2;TNC;HMGA2;FGFR3;CDC25B;CDKN2A;MMP9;PIK3CD;VIM;PLCG2;MIR26A2;MIR143;ITGA5;NOTCH1;MIR27B;HRAS;BCL2L11;RASSF1;STAT3;MAP2K2;PLCG1;MIR331;MIR23B;PRKCA;GLS2;CD44;MYC;PIM1;MIR106B;ITGB3;MIR200A;ABCC1;ST14;MIR25;NOTCH4;MIR326;MIR200B;FOXP1;MAPK7;DNMT1,False
prerank,Retrograde endocannabinoid signaling,0.250502061180342,1.0769794120467924,0.3162518301610542,0.40589077876060153,1.0,26/124,15.37%,GABRR1;PLCB2;MAPK11;NDUFA11;ADCY3;FAAH;ADCY6;ADCY9;GABRR2;ADCY4;ADCY7;ADCY2;PLCB3;GABRE;GNB5;NDUFV1;ADCY5;PRKCA;GNAO1;GNAI2;GNG2;GNG4;CACNA1C;NDUFB8;KCNJ9;GNB3,False
prerank,Glioma,0.2707485156972628,1.0749589775562134,0.3230769230769231,0.40742112470360237,1.0,17/74,12.66%,BAX;DDB2;AKT1;CDKN2A;ARAF;PIK3CD;PLCG2;CALML6;HRAS;AKT2;CALML4;MAP2K2;PLCG1;PRKCA;SHC2;GADD45A;CAMK4,False
prerank,Neuroactive ligand-receptor interaction,0.2286829577231278,1.0715110135980315,0.2857142857142857,0.4097152414290307,1.0,58/241,20.25%,HRH1;LTB4R;LTB4R2;GABRR1;GIPR;P2RY14;CHRNA2;PTAFR;CALCB;GRIK5;FPR3;GRIN3B;P2RY10;GABRR2;EDN2;GRIN1;HRH3;UCN2;HRH2;GABBR1;GPR35;GABRE;UTS2;CHRNA6;HCRTR1;GRIN2C;C5AR1;P2RY1;EDNRB;P2RY6;CHRNA9;C3AR1;AVPR2;NTSR1;HTR6;GCGR;P2RX2;PTGER4;S1PR4;P2RY13;P2RX4;GLP2R;AVPR1A;HRH4;LPAR6;OXTR;GRM2;CHRNA10;TRPV1;FPR1;BDKRB2;P2RY2;PTGIR;GRM8;ADM;PRSS3;F2RL2;CHRNB2,False
prerank,Fanconi anemia pathway,0.2974199665475749,1.072461138586431,0.3360258481421648,0.41008191245769565,1.0,17/49,21.34%,TELO2;MUS81;EME2;FANCA;FANCG;SLX4;FAAP100;TOP3B;BLM;UBE2T;FANCC;ATRIP;POLH;FANCI;ERCC1;EME1;PALB2,False
prerank,Mineral absorption,0.2860881673284693,1.0685006888102158,0.3363914373088685,0.413153981352751,1.0,7/56,5.95%,HEPHL1;SLC26A6;SLC9A3;FTH1;MT1M;CLCN2;TRPM6,False
prerank,Chemical carcinogenesis,-0.21187400159035727,-1.075543441042809,0.26765799256505574,0.4139575415281109,1.0,41/196,14.23%,CCND1;RPS6KA6;EGF;EGFR;PAQR5;XIAP;PIK3CA;NOTCH2;KPNA4;RXRA;AR;MAPK1;GNAI1;PIK3R1;ATF2;GSTO2;RPS6KA3;HSD11B1;UGT2A1;PIK3CB;KPNA5;GSTM3;GSTT2B;GSTM5;GNAI3;CREB3L1;ARNT;PRKACA;KRAS;KPNA6;NRAS;CYP3A4;KPNA3;AKR1C2;MGST1;CYP1A2;PGR;SOS1;JAG1;HPGDS;PTGES3,False
prerank,Cardiac muscle contraction,-0.2507420171815467,-1.071993970211281,0.28939828080229224,0.4165124680378544,1.0,16/70,17.69%,TNNC1;CACNA2D1;SLC9A6;ATP2A2;ASPH;CACNA2D2;SLC8A1;CACNB4;CACNG4;TNNI3;UQCRB;ACTC1;UQCR10;ATP1A4;ATP1B1;CACNB2,False
prerank,cGMP-PKG signaling pathway,0.24095824676028024,1.0641737706196217,0.3398328690807799,0.41941006984786183,1.0,44/149,25.06%,PLCB2;PIK3R5;AKT1;ADCY3;ADCY6;ADCY9;MEF2B;ATF4;SRF;ADCY4;CALML6;ADCY7;ADCY2;PLCB3;AKT2;CALML4;MAP2K2;ADCY5;ATF6B;CNGB1;EDNRB;GNAI2;ATP2A1;GNA12;NOS3;CACNA1C;SLC25A4;NFATC4;BDKRB2;NFATC1;PDE3B;PLCB4;KCNMB1;PDE2A;ATP1A3;ADRA2A;ITPR1;CACNA1D;ATP2A3;SLC8A2;GNA11;CREB5;PIK3CG;BAD,False
prerank,Nucleotide excision repair,-0.26834712998087396,-1.0624848222946943,0.3216216216216216,0.42741141354935525,1.0,10/45,13.01%,RFC1;CUL4B;ERCC6;DDB1;RPA1;ERCC4;MNAT1;RAD23B;GTF2H5;GTF2H3,False
prerank,Sulfur metabolism,-0.44951460648377406,-1.0628800865790913,0.36886993603411516,0.43201842945776275,1.0,4/8,15.62%,TST;PAPSS1;BPNT1;SUOX,False
prerank,Nicotine addiction,0.32122973907024344,1.0549951609616643,0.36741767764298094,0.4356592617645568,1.0,7/30,8.44%,GABRR1;GRIN3B;GABRR2;GRIN1;GABRE;CHRNA6;GRIN2C,False
prerank,Steroid hormone biosynthesis,-0.27009508945443034,-1.0422078993805426,0.3776595744680851,0.46898105657329564,1.0,9/45,12.30%,AKR1C3;HSD17B12;SULT2B1;HSD11B1;UGT2A1;STS;CYP3A4;AKR1C2;CYP1A2,False
prerank,Focal adhesion,0.22847821484424297,1.0345101123691172,0.39864864864864863,0.4761155479170149,1.0,30/193,11.06%,BIRC3;COL6A6;ZYX;COMP;PPP1R12C;COL4A4;BCAR1;TNC;CCND3;VAV1;AKT1;CAPN2;PIK3CD;PARVG;ITGA5;HRAS;ITGA10;COL4A3;AKT2;MYL5;THBS3;FLNA;ITGB7;PRKCA;FLT1;VAV2;PGF;SHC2;ITGB3;COL4A2,False
prerank,Thiamine metabolism,-0.3878988986166803,-1.0332624950532925,0.401330376940133,0.4856691499434136,1.0,4/12,17.58%,AK4;AK5;NTPCR;AK8,False
prerank,Galactose metabolism,0.3236169442911173,1.0279853604995215,0.4336569579288026,0.4876103888136023,1.0,8/27,17.48%,AKR1B10;PFKL;GALK1;GALT;HK3;GLA;GAA;GANC,False
prerank,Circadian rhythm,-0.29023395787520967,-1.0242851988298174,0.40053763440860213,0.501731175439806,1.0,13/30,28.48%,CLOCK;RORA;FBXL3;RORC;FBXW11;BTRC;RORB;PRKAB2;ARNTL;CREB1;SKP1;CUL1;PRKAA2,False
prerank,Synaptic vesicle cycle,0.26079445996341605,1.0145225807761118,0.41543026706231456,0.5139235157496228,1.0,10/67,10.42%,ATP6V1C2;TCIRG1;DNM2;STX1A;CLTCL1;ATP6V0A2;SLC6A1;SLC6A11;CPLX2;STX1B,False
prerank,Bacterial invasion of epithelial cells,0.26027558706825044,1.0114211543647795,0.4470046082949309,0.5182630704188643,1.0,10/69,6.17%,BCAR1;HCLS1;ARPC1B;MAD2L2;PIK3CD;DNM2;ACTR3C;ITGA5;CLTCL1;ELMO3,False
prerank,Aldosterone-regulated sodium reabsorption,-0.2793243121717844,-1.0144150098768248,0.4166666666666667,0.5210166632977079,1.0,7/33,10.76%,PIK3CA;MAPK1;PIK3R1;PIK3CB;NR3C2;KRAS;SCNN1B,False
prerank,Glycosphingolipid biosynthesis,0.28076461524673185,1.0086631477250592,0.44426494345718903,0.5216908535391631,1.0,20/44,31.67%,ABO;ST8SIA1;FUT7;FUT2;ST3GAL2;B3GNT2;GLA;FUT4;ST3GAL4;ST3GAL6;NAGA;ST3GAL1;HEXA;FUT6;B3GNT4;GLB1;B3GNT3;ST3GAL3;FUT1;B3GALT4,False
prerank,Glucagon signaling pathway,0.24449935502093276,1.00149040759955,0.4395770392749245,0.5352316109800104,1.0,13/96,6.70%,PHKG2;PLCB2;AKT1;CPT1B;ATF4;PFKL;CALML6;CRTC2;PHKA1;ADCY2;PLCB3;AKT2;CALML4,False
prerank,Various types of N-glycan biosynthesis,-0.2710851831581755,-1.0039936001364105,0.45308310991957107,0.5405294666785544,1.0,8/37,15.23%,ALG9;MAN2A1;B4GALT1;STT3B;MGAT4A;B4GALT3;MAN1A2;MGAT2,False
prerank,Notch signaling pathway,0.26956784623256724,0.9925353014418645,0.4697452229299363,0.551845169784912,1.0,14/56,13.69%,KAT2A;DTX3L;DTX3;NOTCH1;RFNG;DVL1;CTBP1;MFNG;HEY1;NUMBL;DTX1;NOTCH4;DTX2;PSEN2,False
prerank,Regulation of actin cytoskeleton,0.21949254429121834,0.9885920334458006,0.4992887624466572,0.5574887273009974,1.0,41/198,16.68%,FGD3;ITGAX;BAIAP2;ARHGEF4;PPP1R12C;BCAR1;FGFR3;VAV1;CXCR4;ARPC1B;MSN;ARAF;PIK3CD;PIP4K2A;ACTR3C;ITGA5;HRAS;ARHGEF1;NCKAP1L;ITGAM;ITGA10;MYL5;MAP2K2;ITGB7;VAV2;ITGB3;RRAS;GNA12;ITGB2;SSH3;PAK6;IQGAP3;IQGAP2;RAC3;ITGAL;RAC2;ENAH;PIP5K1C;ACTN1;PPP1R12B;ITGAE,False
prerank,Pathways of neurodegeneration,0.19921780138744244,0.9815528955630612,0.5043370508054523,0.5705218802467461,1.0,58/425,10.96%,CSF1;UBA7;BAX;MAP3K10;CCS;PLCB2;MAPK11;HTRA2;NDUFA11;UBE2G2;CAPN2;TNF;ARAF;DNAH9;COX6B2;TNFRSF1B;ATF4;WNT9A;DKK1;UBE2J2;GRIN1;CALML6;FZD2;STX1A;KLC1;HRAS;FZD9;PLCB3;PSMD9;TARDBP;KLC2;CASP8;CALML4;GABARAP;AXIN1;CASP7;NEFL;MAP2K2;GPX2;NDUFV1;PLCG1;CDK5R1;RYR3;TNFRSF1A;GRIN2C;WNT7A;PRKCA;CSNK1E;DVL1;PSMA6;FASLG;UBE2L6;AGER;RELA;CSNK2A3;DNAH1;TRAP1;ATP2A1,False
prerank,Oocyte meiosis,0.23152473016624198,0.9755901297064671,0.5120567375886524,0.5777647097893832,1.0,19/120,9.00%,REC8;ANAPC2;ANAPC5;MAPK11;ADCY3;ANAPC7;ADCY6;ADCY9;MAD2L2;YWHAH;STAG3;ADCY4;CALML6;PKMYT1;ADCY7;ADCY2;CALML4;ADCY5;RPS6KA1,False
prerank,Basal cell carcinoma,0.25054263495175205,0.9758389276403913,0.5169753086419753,0.5803787784345869,1.0,18/61,22.26%,BAX;DDB2;WNT9A;FZD2;FZD9;BMP4;AXIN1;WNT7A;DVL1;GADD45A;LEF1;FZD10;WNT8B;KIF7;TCF7;APC2;WNT5A;SHH,False
prerank,Phosphonate and phosphinate metabolism,-0.4749842126420256,-0.9812945057936865,0.48484848484848486,0.5875151650719684,1.0,3/5,23.49%,CHPT1;PCYT1B;PCYT1A,False
prerank,ECM-receptor interaction,0.24167059216180353,0.9685255318042909,0.5212464589235127,0.5905531644901632,1.0,31/83,29.42%,COL6A6;COMP;COL4A4;TNC;ITGA5;CD47;ITGA10;COL4A3;THBS3;ITGB7;CD44;ITGB3;COL4A2;VWF;LAMA2;LAMA3;LAMA4;THBS1;ITGB6;COL4A1;LAMB2;LAMA5;ITGA7;COL6A3;ITGA4;GP1BA;COL4A5;COL9A3;COL9A2;THBS2;SV2A,False
prerank,Histidine metabolism,-0.30909659987103916,-0.9821492639479349,0.4895833333333333,0.592124937643474,1.0,6/21,12.17%,ALDH3A2;CNDP1;MAOA;HNMT;ALDH9A1;CARNMT1,False
prerank,Spliceosome,0.21976481026858055,0.9607546097185519,0.5530085959885387,0.6057588143493049,1.0,21/140,13.79%,SNRNP70;DDX5;SRSF5;RBM25;RBM17;DHX16;ACIN1;SRSF9;SRSF6;PRPF38B;DHX38;PRPF40B;SNRPA1;SRSF4;LSM7;DDX39B;PRPF3;U2AF1L4;SRSF2;U2AF2;SART1,False
prerank,Phototransduction,-0.3058350998456614,-0.9706405919503014,0.49122807017543857,0.6079486689343753,1.0,2/21,1.84%,CNGA1;GNB1,False
prerank,Metabolism of xenobiotics by cytochrome P450,0.25111789524588324,0.9538744430717798,0.5550387596899224,0.6148829169343054,1.0,10/60,10.91%,CYP2E1;CYP2S1;GSTK1;AKR7L;UGT1A7;CYP2D7;GSTM2;UGT1A1;AKR7A3;ALDH3B1,False
prerank,Alzheimer disease,-0.18169577893127348,-0.9655382850940907,0.5756302521008403,0.614940893571717,1.0,51/326,13.64%,BRAF;NDUFS1;ATF6;GSK3B;RTN3;LRP6;APP;WNT3;PIK3CA;PPP3R1;GRIN2A;MAPK1;WNT9B;APC;PIK3R1;PIK3C3;MAPK10;CSNK2A1;RTN4;ADAM10;NDUFA4L2;IDE;CHRM1;NDUFC2;PIK3CB;EIF2AK3;SDHC;EIF2AK2;ATP2A2;NDUFS4;MCU;PSEN1;FZD8;BACE1;APOE;ATG14;KRAS;CSNK2A2;PSMD14;WNT5B;DKK2;NRAS;PSMD12;PIK3R4;UQCRB;FZD6;MAP3K5;EIF2S1;PSMB2;CASP3;ITPR2,False
prerank,Thyroid cancer,0.2787550108785225,0.9552677410754259,0.5316666666666666,0.6150982231491516,1.0,10/37,14.43%,BAX;DDB2;RET;NTRK1;HRAS;MAP2K2;MYC;GADD45A;LEF1;PAX8,False
prerank,Nicotinate and nicotinamide metabolism,0.28372816659455735,0.9472083316883093,0.5222929936305732,0.6266437328161351,1.0,5/32,10.76%,SIRT7;NADSYN1;PNP;QPRT;NAPRT,False
prerank,Arrhythmogenic right ventricular cardiomyopathy,-0.22362991655321848,-0.9569718906744158,0.5372340425531915,0.6307195028938597,1.0,14/71,12.10%,GJA1;CACNA2D1;DSP;DSG2;SGCB;ATP2A2;CDH2;CACNA2D2;SLC8A1;ITGB5;ITGA2;CACNB4;CACNG4;JUP,False
prerank,Folate biosynthesis,0.3181216920385156,0.9407512560320507,0.554140127388535,0.6307761326622721,1.0,3/20,4.42%,AKR1B10;GCH1;FPGS,False
prerank,Cellular senescence,0.21584390315307184,0.9437334451946813,0.5808720112517581,0.6309010658665968,1.0,38/150,18.58%,HLA-F;CCND3;MAPK11;AKT1;CDKN2A;SERPINE1;CAPN2;RAD9A;PIK3CD;E2F4;CXCL8;CALML6;TGFB1;TSC2;HRAS;AKT2;ETS1;CALML4;MAP2K2;MYC;RELA;RRAS;HLA-B;GADD45A;TRPV4;IGFBP3;CCNB2;HLA-E;FOXM1;SLC25A4;HLA-C;LIN37;NFATC4;CDC25A;E2F1;MYBL2;HLA-A;NFATC1,False
prerank,Autophagy,0.21588050352609855,0.941587348068257,0.5871156661786238,0.6322672226156759,1.0,24/133,14.13%,ATG16L2;ATG4B;AKT1;STK11;AKT1S1;PRAP1;PIK3CD;RPS6KB2;MTMR14;TSC2;ATG9B;DAPK3;HRAS;CTSB;AKT2;GABARAP;MAP2K2;VMP1;ATG7;RRAS;CTSL;MLST8;ATG16L1;WIPI1,False
prerank,Gap junction,0.23793057003830242,0.9383451277101242,0.56656346749226,0.63271152609397,1.0,12/79,8.48%,PLCB2;ADCY3;ADCY6;ADCY9;ADCY4;ADCY7;ADCY2;HRAS;PLCB3;MAP2K2;ADCY5;PRKCA,False
prerank,Glycosaminoglycan biosynthesis,-0.23780774643624789,-0.953247132156821,0.5418994413407822,0.6340156678944815,1.0,13/51,15.21%,CSGALNACT2;CHST6;HS2ST1;CHST14;GLCE;CHSY1;B4GALT1;B4GALT4;CHPF;NDST1;B4GALT3;HS3ST5;NDST3,False
prerank,Prion disease,-0.1858536772461277,-0.9485812379305366,0.6732283464566929,0.6389950132102927,1.0,36/233,14.09%,NDUFS1;GSK3B;MAPK13;RYR1;PIK3CA;PPP3R1;GRIN2A;MAPK1;PIK3R1;ATF2;MAPK10;CSNK2A1;MAPK14;NDUFA4L2;NDUFC2;PIK3CB;EIF2AK3;SDHC;NDUFS4;NCAM2;MCU;CREB3L1;PRKACA;HSPA2;CSNK2A2;PSMD14;PSMD12;UQCRB;PRNP;EIF2S1;PRKCD;PSMB2;HSPA1L;CASP3;ITPR2;UQCR10,False
prerank,Glycolysis / Gluconeogenesis,-0.23201295667717903,-0.9458581238289006,0.5395894428152492,0.6390572301224108,1.0,28/62,29.62%,ADH6;HK2;ADH1C;ALDH3A2;ALDOB;FBP1;LDHB;DLD;ALDH9A1;ACSS2;HK1;PKLR;ALDOC;LDHAL6A;PGM1;ALDH2;PDHB;DLAT;ADH5;PGAM1;LDHA;FBP2;ALDH3A1;PDHA1;G6PC3;ALDOA;PCK2;GPI,False
prerank,Riboflavin metabolism,0.4061140664131108,0.9282498578702512,0.568904593639576,0.6514456088798865,1.0,5/8,34.89%,FLAD1;ACP2;ACP5;ENPP1;ENPP3,False
prerank,Carbohydrate digestion and absorption,0.2656964070647739,0.9229227054428526,0.5740432612312812,0.6599899030682903,1.0,6/37,7.94%,PLCB2;AKT1;PIK3CD;PLCB3;AKT2;HK3,False
prerank,Non-homologous end-joining,-0.35134642572448144,-0.9296020998368573,0.5486725663716814,0.6740955311150559,1.0,6/11,26.70%,PRKDC;RAD50;XRCC5;XRCC4;FEN1;XRCC6,False
prerank,Retinol metabolism,-0.23039654091978218,-0.9194741526085652,0.5972972972972973,0.6914125202209285,1.0,13/53,16.31%,ADH6;RDH12;ADH1C;UGT2A1;CYP26B1;DHRS3;CYP3A4;CYP1A2;AWAT2;PNPLA4;ALDH1A1;RDH11;DHRS4,False
prerank,Endocrine and other factor-regulated calcium reabsorption,0.24911217329720048,0.9007630765548805,0.6287519747235387,0.7026818846013344,1.0,7/47,8.48%,PLCB2;ADCY6;ADCY9;DNM2;PLCB3;CLTCL1;PRKCA,False
prerank,Ferroptosis,-0.2479946971099647,-0.9119630330559176,0.6157894736842106,0.7027824848659333,1.0,14/40,19.73%,MAP1LC3B;NCOA4;GCLM;TF;PCBP1;GCLC;TFRC;ACSL6;ACSL1;PRNP;SLC11A2;SLC40A1;PCBP2;ACSL3,False
prerank,Cocaine addiction,0.25119367613284377,0.902227930023087,0.6049586776859505,0.7029047971974232,1.0,12/45,16.73%,GRIN3B;ATF4;GRIN1;ADCY5;CDK5R1;ATF6B;GRIN2C;RELA;GNAI2;MAOB;GRM2;DLG4,False
prerank,Porphyrin and chlorophyll metabolism,0.26574341153581926,0.8891372753181936,0.6461038961038961,0.7240930951173646,1.0,9/32,24.47%,HEPHL1;UGT1A7;GUSB;UGT1A1;HMOX2;PPOX;BLVRA;HMBS;CPOX,False
prerank,Fat digestion and absorption,0.27741996684785747,0.8871675347584151,0.6227347611202636,0.7246790044984772,1.0,3/28,1.03%,PLA2G2F;PLA2G3;DGAT1,False
prerank,Renin secretion,0.22897228235221498,0.8811309418702868,0.6980568011958147,0.7303212348368238,1.0,17/63,23.19%,PLCB2;ADCY6;EDN2;CALML6;PLCB3;CTSB;CALML4;ADCY5;GNAI2;CACNA1C;PTGER4;ACE;PDE3B;PLCB4;PDE1B;ITPR1;CACNA1D,False
prerank,Nitrogen metabolism,0.32241304078571753,0.8825486759056914,0.6382252559726962,0.7308025878951524,1.0,5/15,13.51%,GLUD2;CA4;CA8;CA2;GLUL,False
prerank,DNA replication,0.2597374338060979,0.8784879108969507,0.6641337386018237,0.7321175961370272,1.0,13/36,25.66%,RFC4;POLE;MCM5;LIG1;POLA2;POLE4;MCM7;PCNA;RNASEH2C;RNASEH1;PRIM2;POLD1;POLD4,False
prerank,Mannose type O-glycan biosynthesis,0.2981497763507013,0.8763381641240493,0.6472545757071547,0.7329477819572522,1.0,7/19,18.05%,POMT1;POMT2;FKRP;FUT4;POMGNT1;B3GAT2;B3GALNT2,False
prerank,RNA polymerase,-0.25346999110118446,-0.8896729760505429,0.6165413533834586,0.7480362868191441,1.0,4/29,7.42%,POLR2D;POLR3A;POLR2A;POLR3B,False
prerank,"Neomycin, kanamycin and gentamicin biosynthesis",-0.4351397258277537,-0.8844702270249968,0.5933333333333334,0.7530622405790969,1.0,2/5,14.47%,HK2;HK1,False
prerank,Vitamin B6 metabolism,-0.39882752013216544,-0.8797188965895386,0.6004366812227074,0.7556898085053618,1.0,1/6,4.89%,PSAT1,False
prerank,Arginine and proline metabolism,-0.2232212663821414,-0.8666394862712391,0.6861702127659575,0.7764930408382811,1.0,7/46,8.95%,P4HA1;P4HA2;ALDH18A1;ALDH3A2;CNDP1;MAOA;GATM,False
prerank,Steroid biosynthesis,-0.274470180695577,-0.8618328463774554,0.6889460154241646,0.7790322699071184,1.0,7/20,21.30%,DHCR24;TM7SF2;DHCR7;MSMO1;NSDHL;SOAT1;SC5D,False
prerank,Primary bile acid biosynthesis,-0.2825762164369995,-0.8160712159275287,0.7344110854503464,0.8535445682679065,1.0,2/15,4.10%,CYP39A1;SCP2,False
prerank,Hypertrophic cardiomyopathy,0.20313722501852466,0.8086690818906654,0.8310502283105022,0.8560177301772934,1.0,27/81,26.62%,CACNB1;TNF;TGFB1;ITGA5;ITGA10;ITGB7;ITGB3;ATP2A1;CACNA1C;SGCD;LAMA2;CACNA2D4;CACNG8;ACE;CACNA2D3;PRKAB1;MYBPC3;ITGB6;CACNB3;TTN;CACNA1D;ATP2A3;SLC8A2;ITGA7;ITGA4;TPM2;RYR2,False
prerank,Huntington disease,-0.154611254410457,-0.803713613058942,0.9754098360655737,0.863712479007536,1.0,41/263,16.64%,NDUFS1;REST;SP1;GRIA1;HDAC2;CLTC;DCTN4;BDNF;POLR2D;PIK3C3;MAPK10;POLR2A;NDUFA4L2;NDUFC2;GRIA4;SDHC;AP2B1;TFAM;NDUFS4;CREB3L1;GPX8;ATG14;SIN3A;PSMD14;PSMD12;PIK3R4;UQCRB;GPX7;GRIA3;DNAL1;MAP3K5;PSMB2;CASP3;UQCR10;RB1CC1;DCTN1;KCNJ10;IFT57;DNAH14;DNAL4;DCTN6,False
prerank,Olfactory transduction,0.2099529194264694,0.7884091023806444,0.8317307692307693,0.8793199248705118,1.0,17/62,23.85%,ADCY3;ANO2;ARRB2;CALML6;CALML4;CNGB1;SLC24A4;ARRB1;OR2W3;CAMK2G;NCALD;OR7A5;OR2T2;PDE2A;PDE1B;SLC8A2;OR5P2,False
prerank,Parkinson disease,0.17219883701922026,0.790919616569366,0.9387755102040817,0.8800906391103657,1.0,30/209,17.11%,UBA7;BAX;HTRA2;NDUFA11;UBE2G2;COX6B2;ATF4;UBE2J2;CALML6;KLC1;PSMD9;KLC2;CALML4;NDUFV1;PLCG1;ADCY5;RYR3;PSMA6;UBE2L6;TRAP1;GNAI2;DUSP1;GPR37;MAPT;NDUFB8;MAOB;SLC25A4;CAMK2G;DAXX;NDUFA10,False
prerank,Homologous recombination,0.2293404329826731,0.7806483062013008,0.829073482428115,0.8814127999354128,1.0,6/37,10.07%,MUS81;XRCC3;TOP3B;RAD54L;UIMC1;BLM,False
prerank,Aminoacyl-tRNA biosynthesis,0.24989465580760847,0.7824931843622636,0.788135593220339,0.8832833439080194,1.0,7/25,17.87%,SARS2;CARS2;FARS2;HARS2;MTFMT;AARS2;MARS2,False
prerank,Ascorbate and aldarate metabolism,0.2614957699504169,0.7542912107735785,0.8123924268502581,0.9058402506584242,1.0,3/19,9.34%,UGT1A7;GUSB;UGT1A1,False
prerank,One carbon pool by folate,0.26021612181051207,0.7563725570193197,0.8254237288135593,0.9077549995773754,1.0,4/18,12.76%,FTCD;MTHFR;AMT;MTFMT,False
prerank,Starch and sucrose metabolism,-0.21538610350555212,-0.7384722400741318,0.885,0.9285124270347663,1.0,4/28,7.59%,HK2;AGL;GBE1;UGP2,False
prerank,Oxidative phosphorylation,0.16416606302802883,0.6718897851506211,0.9850074962518741,0.9645459614312357,1.0,6/98,7.66%,ATP6V1C2;TCIRG1;NDUFA11;COX6B2;ATP6V0A2;NDUFV1,False
