,PC1,PC2,condition,patient_id
AD_004_lesional,57.416523972339824,32.39238470701811,lesional,AD_004
AD_004_non-lesional,3.563245521421159,-22.700780957237015,non-lesional,AD_004
AD_005_lesional,16.83634982991344,52.17001852153228,lesional,AD_005
AD_005_non-lesional,-45.4745053342341,26.098160414560684,non-lesional,AD_005
AD_006_lesional,62.623762858599065,-3.6597032697854104,lesional,AD_006
AD_006_non-lesional,25.20945198549301,-9.925984915190137,non-lesional,AD_006
AD_007_lesional,-29.792799838588447,45.31237569511523,lesional,AD_007
AD_007_non-lesional,-68.69897556803332,32.65532991931443,non-lesional,AD_007
AD_009_lesional,31.87333470294388,65.01229513191502,lesional,AD_009
AD_009_non-lesional,-40.55047251576307,59.435636651585874,non-lesional,AD_009
AD_011_lesional,45.379096105193604,37.20352758676612,lesional,AD_011
AD_011_non-lesional,-24.60368244257987,-0.1799126594799735,non-lesional,AD_011
AD_014_lesional,48.09796991006239,32.91888475373334,lesional,AD_014
AD_014_non-lesional,9.763634346015653,-8.827415056723702,non-lesional,AD_014
AD_016_lesional,92.12847440484498,28.00623812417533,lesional,AD_016
AD_016_non-lesional,-2.0156943509455596,-27.747299749005524,non-lesional,AD_016
AD_017_lesional,34.81037883344651,10.372168133164783,lesional,AD_017
AD_017_non-lesional,4.789255770186719,-23.584914175812298,non-lesional,AD_017
AD_019_lesional,36.675302439805556,7.3908200352146745,lesional,AD_019
AD_019_non-lesional,-0.8734980055257826,-14.118929187671094,non-lesional,AD_019
AD_020_lesional,60.427901352195974,24.359684807409458,lesional,AD_020
AD_020_non-lesional,42.44585256393235,-9.25629584075553,non-lesional,AD_020
AD_021_lesional,-42.70511152533801,60.14029099474275,lesional,AD_021
AD_021_non-lesional,-73.8099183852403,47.38117167554113,non-lesional,AD_021
AD_023_lesional,-12.676473162130605,105.95666367968386,lesional,AD_023
AD_023_non-lesional,-14.967251481197668,90.07467574755711,non-lesional,AD_023
AD_024_lesional,74.0413635796079,-4.023697282748223,lesional,AD_024
AD_024_non-lesional,8.610155301727104,-6.336590980429398,non-lesional,AD_024
AD_025_lesional,77.94279700435457,-6.998396802968705,lesional,AD_025
AD_025_non-lesional,5.843525226927402,-39.569054346557245,non-lesional,AD_025
AD_026_lesional,50.849561669541096,32.05160067401047,lesional,AD_026
AD_026_non-lesional,8.34567003680904,-15.603873667780785,non-lesional,AD_026
AD_027_lesional,16.18769470776595,-9.260034857574485,lesional,AD_027
AD_027_non-lesional,-6.740633219541679,-25.67784742497302,non-lesional,AD_027
AD_028_lesional,55.80290064354404,51.51345559683807,lesional,AD_028
AD_028_non-lesional,2.8708732905656267,-18.5883504153434,non-lesional,AD_028
AD_029_lesional,47.18838965056096,10.418620902304207,lesional,AD_029
AD_029_non-lesional,-14.638748679025731,-4.683927817167513,non-lesional,AD_029
AD_030_lesional,96.93103094324815,17.971439090081653,lesional,AD_030
AD_030_non-lesional,-22.54802027967439,0.02651222953766417,non-lesional,AD_030
AD_031_lesional,57.5517029363434,27.44475090576568,lesional,AD_031
AD_031_non-lesional,20.912794788409514,-10.978395674846231,non-lesional,AD_031
CTRL_002_healthy,-24.939593954335944,-0.9582745542414886,healthy,CTRL_002
CTRL_003_healthy,-60.48468791458291,25.77753739857111,healthy,CTRL_003
CTRL_004_healthy,-30.21444445327997,2.469199788547674,healthy,CTRL_004
CTRL_006_healthy,-49.95749342383083,21.78954995689,healthy,CTRL_006
CTRL_008_healthy,-33.48879224645614,-1.3996262652499922,healthy,CTRL_008
CTRL_009_healthy,-10.271423328898942,-46.184318846430486,healthy,CTRL_009
CTRL_010_healthy,-17.775206806900105,-22.61732272808979,healthy,CTRL_010
CTRL_011_healthy,-27.496058952141617,-9.207631650633004,healthy,CTRL_011
CTRL_013_healthy,-15.033617402221571,-9.327026036412871,healthy,CTRL_013
CTRL_014_healthy,22.823896107305334,-57.0985052199804,healthy,CTRL_014
CTRL_015_healthy,-18.134238317062923,-24.159407987915966,healthy,CTRL_015
CTRL_016_healthy,20.38018885053992,-61.5515080409392,healthy,CTRL_016
CTRL_017_healthy,1.7628890794545506,-28.096617160611473,healthy,CTRL_017
CTRL_018_healthy,-26.172398869645857,-6.187006316328816,healthy,CTRL_018
CTRL_019_healthy,-54.53182569253745,28.263642758467867,healthy,CTRL_019
CTRL_020_healthy,-10.273265810717216,-25.970775888595313,healthy,CTRL_020
CTRL_022_healthy,-17.680834991036097,-22.978737336919973,healthy,CTRL_022
CTRL_024_healthy,5.375182439616108,-41.13369801894774,healthy,CTRL_024
CTRL_025_healthy,-3.2531753611909626,-38.98224328588399,healthy,CTRL_025
CTRL_026_healthy,-33.33228682660971,-7.811871596458094,healthy,CTRL_026
CTRL_029_healthy,-8.676846543098547,-30.596699380641248,healthy,CTRL_029
CTRL_030_healthy,-14.013857442344651,1.7257767836085613,healthy,CTRL_030
CTRL_031_healthy,-14.891925725757002,-21.50181595260914,healthy,CTRL_031
CTRL_032_healthy,-30.417953438874182,12.292079798849858,healthy,CTRL_032
CTRL_033_healthy,-1.003185576655855,-56.35212256641032,healthy,CTRL_033
CTRL_034_healthy,1.555965768768065,4.339744516607611,healthy,CTRL_034
CTRL_035_healthy,-33.76506449613077,-12.257012238230075,healthy,CTRL_035
CTRL_036_healthy,-14.435440321232312,-15.6727544773085,healthy,CTRL_036
CTRL_037_healthy,-8.029399898467837,-11.083321203994855,healthy,CTRL_037
CTRL_038_healthy,0.4891910054942956,-53.45777418250199,healthy,CTRL_038
CTRL_039_healthy,-29.537462794067142,-19.810838489647352,healthy,CTRL_039
CTRL_040_healthy,-31.40432712137913,-7.374796730231285,healthy,CTRL_040
CTRL_041_healthy,-64.51479883892229,19.553446679079553,healthy,CTRL_041
CTRL_042_healthy,-7.335199373254922,-33.30852137890717,healthy,CTRL_042
CTRL_043_healthy,-26.013746724815565,-15.480788618741736,healthy,CTRL_043
CTRL_044_healthy,1.5923527696762252,-35.19702925287693,healthy,CTRL_044
CTRL_045_healthy,-6.241661475221595,-26.48188854962214,healthy,CTRL_045
CTRL_046_healthy,-25.682661487164843,-8.556344620779084,healthy,CTRL_046
